status,is_placeholder,filename,job_id,num_nodes,num_cores,total_cores,system,input_size,repeats,check_enabled,sdc_rate,requested_sdc,actual_sdc,max_injected_sdcs,cutoff,first_tree_ns,first_tree_s,twin_tree_ns,twin_tree_s,traversal_ns,traversal_s,third_tree_ns,third_tree_s,process_time_ns,process_time_s,overhead_vs_first_s,recovery_overhead_s,first_tree_tasks,twin_tree_tasks,third_tree_tasks,traversal_root_exec_once_ns,traversal_clear_analysis_ns,traversal_seed_needed_ns,traversal_propagate_needed_ns,traversal_precompute_direct_ns,traversal_materialize_marked_ns,replay_profile_total_ns,replay_profile_parent_validate_ns,replay_profile_child_resolve_ns,replay_profile_child_validate_ns,replay_profile_decision_ns,sync_calls,sync_total_ns,sync_done_ns,sync_copy_ns,resume_calls,resume_total_ns,resume_copy_ns,values_match_full,values_match_equal,values_match_unequal,values_match_fetch_bytes,values_match_avg_fetch,values_match_ns,output_match_bridge,output_match_visible,output_match_values_taken,output_match_values_true,output_match_values_false,fork_exact_skip,fork_source_skip,fork_parent_drop,fork_child_null,fork_child_invalid,fork_child_validation_miss,fork_replay_exec,fork_needed,fork_value_mismatch,fork_source_invalid,fork_local_mismatch,fork_infected,decision_exact_leaf,decision_exact_recursive,decision_source_leaf,decision_source_alias,decision_incorrect_child,decision_cheap_false,decision_cheap_true_no_skip,sdc_sites
incomplete,0,itoyorifutures-numNodes1-numCores40-totalCores40-._._examples_lcs.out-n1048576-r1-c0-s0.000002-m1.out.1667745,1667745,1,40,40,._._examples_lcs.out,1048576,1,0,0.000002,1,1,1,512,49917924860,49.91792486,,,,,,,,,,,,,,,,,,,,,,,,,,,,,,,,,,,,,,,,,,,,,,,,,,,,,,,,,,,,,,"(1507,569):down:1013"
incomplete,0,itoyorifutures-numNodes1-numCores40-totalCores40-._._examples_lcs.out-n1048576-r1-c0-s0.000002-m1.out.1667746,1667746,1,40,40,._._examples_lcs.out,1048576,1,0,0.000002,1,1,1,512,47687302221,47.687302221,48123796595,48.123796595,907040256,0.907040256,,,,,,,,,,26617,241,387,328,906311122,23509,,,,,,,,,,,,,147782,147780,2,1211812400,8200,595677908,221683,0,147782,147780,2,,,,,,,,,,,,,,,,,,,,"(1507,569):down:1013"
incomplete,0,itoyorifutures-numNodes1-numCores40-totalCores40-._._examples_lcs.out-n1048576-r1-c0-s0.000002-m1.out.1667747,1667747,1,40,40,._._examples_lcs.out,1048576,1,0,0.000002,1,1,1,512,48346483656,48.346483656,,,,,,,,,,,,,,,,,,,,,,,,,,,,,,,,,,,,,,,,,,,,,,,,,,,,,,,,,,,,,,"(1507,569):down:1013"
incomplete,0,itoyorifutures-numNodes1-numCores40-totalCores40-._._examples_lcs.out-n1048576-r1-c0-s0.000002-m1.out.1667748,1667748,1,40,40,._._examples_lcs.out,1048576,1,0,0.000002,1,1,1,512,49032662494,49.032662494,,,,,,,,,,,,,,,,,,,,,,,,,,,,,,,,,,,,,,,,,,,,,,,,,,,,,,,,,,,,,,"(1507,569):down:1013"
incomplete,0,itoyorifutures-numNodes1-numCores40-totalCores40-._._examples_lcs.out-n1048576-r1-c0-s0.000002-m1.out.1667749,1667749,1,40,40,._._examples_lcs.out,1048576,1,0,0.000002,1,1,1,512,49774193244,49.774193244,,,,,,,,,,,,,,,,,,,,,,,,,,,,,,,,,,,,,,,,,,,,,,,,,,,,,,,,,,,,,,"(1507,569):down:1013"
missing,1,placeholder-totalCores40-s0.000002-m2,placeholder,1,40,40,-._._examples_lcs.out,1048576,1,0,0.000002,2,,2,512,,,,,,,,,,,,,,,,,,,,,,,,,,,,,,,,,,,,,,,,,,,,,,,,,,,,,,,,,,,,,,,,
missing,1,placeholder-totalCores40-s0.000002-m3,placeholder,1,40,40,-._._examples_lcs.out,1048576,1,0,0.000002,3,,3,512,,,,,,,,,,,,,,,,,,,,,,,,,,,,,,,,,,,,,,,,,,,,,,,,,,,,,,,,,,,,,,,,
missing,1,placeholder-totalCores40-s0.000002-m4,placeholder,1,40,40,-._._examples_lcs.out,1048576,1,0,0.000002,4,,4,512,,,,,,,,,,,,,,,,,,,,,,,,,,,,,,,,,,,,,,,,,,,,,,,,,,,,,,,,,,,,,,,,
missing,1,placeholder-totalCores40-s0.000006-m3,placeholder,1,40,40,-._._examples_lcs.out,1048576,1,0,0.000006,3,,3,512,,,,,,,,,,,,,,,,,,,,,,,,,,,,,,,,,,,,,,,,,,,,,,,,,,,,,,,,,,,,,,,,
missing,1,placeholder-totalCores40-s0.000006-m4,placeholder,1,40,40,-._._examples_lcs.out,1048576,1,0,0.000006,4,,4,512,,,,,,,,,,,,,,,,,,,,,,,,,,,,,,,,,,,,,,,,,,,,,,,,,,,,,,,,,,,,,,,,
missing,1,placeholder-totalCores40-s0.000006-m5,placeholder,1,40,40,-._._examples_lcs.out,1048576,1,0,0.000006,5,,5,512,,,,,,,,,,,,,,,,,,,,,,,,,,,,,,,,,,,,,,,,,,,,,,,,,,,,,,,,,,,,,,,,
missing,1,placeholder-totalCores40-s0.000006-m6,placeholder,1,40,40,-._._examples_lcs.out,1048576,1,0,0.000006,6,,6,512,,,,,,,,,,,,,,,,,,,,,,,,,,,,,,,,,,,,,,,,,,,,,,,,,,,,,,,,,,,,,,,,
ok,0,itoyorifutures-numNodes2-numCores80-totalCores80-._._examples_lcs.out-n1048576-r1-c0-s0.000002-m1.out.1667750,1667750,2,80,80,._._examples_lcs.out,1048576,1,0,0.000002,1,1,1,512,25907888790,25.90788879,26091768337,26.091768337,131038636,0.131038636,13278265269,13.278265269,65411583920,65.41158392,39.50369513,39.501072242,5592405,5592405,2796203,27903,287,365,312,129602893,82847,160720522,479,908,1867,43529,77661,92048418,36099329,51513942,8668,11870453,11620872,2187,2187,0,17933400,8200,39576067,3279,0,2187,2187,0,0,2,0,0,0,0,2,0,2,0,2,2,0,0,0,2,2,0,0,"(1507,569):down:1013"
ok,0,itoyorifutures-numNodes2-numCores80-totalCores80-._._examples_lcs.out-n1048576-r1-c0-s0.000002-m1.out.1667751,1667751,2,80,80,._._examples_lcs.out,1048576,1,0,0.000002,1,1,1,512,26038754655,26.038754655,26035600256,26.035600256,137241069,0.137241069,13409989602,13.409989602,65624329612,65.624329612,39.58557495699999,39.582830927,5592405,5592405,2796203,32781,271,377,300,135716404,79872,159922103,501,548,1174,43530,77771,90941648,35441671,51061150,8904,12242189,11984258,2187,2187,0,17933400,8200,41541605,3279,0,2187,2187,0,0,2,0,0,0,0,2,0,2,0,2,2,0,0,0,2,2,0,0,"(1507,569):down:1013"
ok,0,itoyorifutures-numNodes2-numCores80-totalCores80-._._examples_lcs.out-n1048576-r1-c0-s0.000002-m1.out.1667753,1667753,2,80,80,._._examples_lcs.out,1048576,1,0,0.000002,1,1,1,512,26377803792,26.377803792,26201776771,26.201776771,134331697,0.134331697,13462128777,13.462128777,66179757957,66.179757957,39.801954165000005,39.798237244999996,5592405,5592405,2796203,34004,298,9603,19393,132709599,118150,175071328,377,670,8482,73117,79117,100163800,39988726,55827129,9876,13622624,13341078,2187,2187,0,17933400,8200,35406871,3279,0,2187,2187,0,0,2,0,0,0,0,2,0,2,0,2,2,0,0,0,2,2,0,0,"(1507,569):down:1013"
ok,0,itoyorifutures-numNodes2-numCores80-totalCores80-._._examples_lcs.out-n1048576-r1-c0-s0.000002-m1.out.1667754,1667754,2,80,80,._._examples_lcs.out,1048576,1,0,0.000002,1,1,1,512,26697368346,26.697368346,26754077965,26.754077965,128220830,0.12822083,13430502530,13.43050253,67013032480,67.01303248,40.315664134,40.312801325,5592405,5592405,2796203,16235,218,368,282,126780573,77425,151258631,397,703,1379,32713,73481,87119135,34151792,48474859,7489,11157306,10932830,2187,2187,0,17933400,8200,46417744,3279,0,2187,2187,0,0,2,0,0,0,0,2,0,2,0,2,2,0,0,0,2,2,0,0,"(1507,569):down:1013"
ok,0,itoyorifutures-numNodes2-numCores80-totalCores80-._._examples_lcs.out-n1048576-r1-c0-s0.000002-m1.out.1667803,1667803,2,80,80,._._examples_lcs.out,1048576,1,0,0.000002,1,1,1,512,26821096140,26.82109614,27048400316,27.048400316,144753052,0.144753052,13461681935,13.461681935,67479838086,67.479838086,40.658741946,40.654835303,5592405,5592405,2796203,37116,242,9644,18391,143157301,112200,145901858,418,664,7703,77474,73975,85619538,33541492,47625380,7074,10503915,10291630,2187,2187,0,17933400,8200,40084440,3279,0,2187,2187,0,0,2,0,0,0,0,2,0,2,0,2,2,0,0,0,2,2,0,0,"(1507,569):down:1013"
ok,0,itoyorifutures-numNodes2-numCores80-totalCores80-._._examples_lcs.out-n1048576-r1-c0-s0.000002-m1.out.1667805,1667805,2,80,80,._._examples_lcs.out,1048576,1,0,0.000002,1,1,1,512,25885638307,25.885638307,25920563656,25.920563656,120710774,0.120710774,13135929931,13.135929931,65065591630,65.06559163,39.179953323,39.177204360999994,5592405,5592405,2796203,32036,312,441,288,119328438,73362,162615870,386,609,1182,8739,80285,91319579,35801909,51152241,8260,11708390,11476242,2187,2187,0,17933400,8200,38337082,3279,0,2187,2187,0,0,2,0,0,0,0,2,0,2,0,2,2,0,0,0,2,2,0,0,"(1507,569):down:1013"
ok,0,itoyorifutures-numNodes2-numCores80-totalCores80-._._examples_lcs.out-n1048576-r1-c0-s0.000002-m1.out.1667806,1667806,2,80,80,._._examples_lcs.out,1048576,1,0,0.000002,1,1,1,512,26355348382,26.355348382,26303317607,26.303317607,126659797,0.126659797,13488047163,13.488047163,66277080442,66.277080442,39.92173206,39.918024566999996,5592405,5592405,2796203,33363,236,351,290,125283952,24922,159901486,324,635,1195,24755,79390,92429823,35962944,51988122,9007,12068622,11813406,2187,2187,0,17933400,8200,36425270,3279,0,2187,2187,0,0,2,0,0,0,0,2,0,2,0,2,2,0,0,0,2,2,0,0,"(1507,569):down:1013"
ok,0,itoyorifutures-numNodes2-numCores80-totalCores80-._._examples_lcs.out-n1048576-r1-c0-s0.000002-m1.out.1667823,1667823,2,80,80,._._examples_lcs.out,1048576,1,0,0.000002,1,1,1,512,26556221576,26.556221576,26159150645,26.159150645,139520664,0.139520664,13176595454,13.176595454,66035587455,66.035587455,39.479365879,39.475266763,5592405,5592405,2796203,32683,215,348,271,138055783,72650,152175052,337,740,1359,23696,78869,89190174,35069389,49722569,6986,9998522,9801133,2187,2187,0,17933400,8200,35994927,3279,0,2187,2187,0,0,2,0,0,0,0,2,0,2,0,2,2,0,0,0,2,2,0,0,"(1507,569):down:1013"
ok,0,itoyorifutures-numNodes2-numCores80-totalCores80-._._examples_lcs.out-n1048576-r1-c0-s0.000002-m1.out.1667824,1667824,2,80,80,._._examples_lcs.out,1048576,1,0,0.000002,1,1,1,512,26308614150,26.30861415,26013896443,26.013896443,117233112,0.117233112,13254610229,13.254610229,65698350392,65.698350392,39.389736242,39.385739784,5592405,5592405,2796203,31623,227,9391,17318,115684713,130465,164100736,332,834,7723,63405,79372,91619595,35964190,51346878,8856,11905917,11659043,2187,2187,0,17933400,8200,40064546,3279,0,2187,2187,0,0,2,0,0,0,0,2,0,2,0,2,2,0,0,0,2,2,0,0,"(1507,569):down:1013"
ok,0,itoyorifutures-numNodes2-numCores80-totalCores80-._._examples_lcs.out-n1048576-r1-c0-s0.000002-m1.out.1667825,1667825,2,80,80,._._examples_lcs.out,1048576,1,0,0.000002,1,1,1,512,26251341274,26.251341274,25510280064,25.510280064,124992267,0.124992267,13255126669,13.255126669,65144697675,65.144697675,38.893356401000005,38.890399,5592405,5592405,2796203,33673,334,9177,17571,123498312,130219,165150347,751,608,7436,67624,76892,97039027,38179983,54567970,9933,13562703,13268077,2187,2187,0,17933400,8200,41362704,3279,0,2187,2187,0,0,2,0,0,0,0,2,0,2,0,2,2,0,0,0,2,2,0,0,"(1507,569):down:1013"
ok,0,itoyorifutures-numNodes2-numCores80-totalCores80-._._examples_lcs.out-n1048576-r1-c0-s0.000002-m1.out.1667826,1667826,2,80,80,._._examples_lcs.out,1048576,1,0,0.000002,1,1,1,512,26633648423,26.633648423,26490173785,26.490173785,133511368,0.133511368,13405029050,13.40502905,66665485948,66.665485948,40.031837525,40.028714203,5592405,5592405,2796203,29787,240,400,290,131995937,79210,164043774,321,621,1282,37553,80209,93557960,36936937,52133850,8953,11973713,11705018,2188,2187,1,17941600,8200,37829066,3286,0,2188,2187,1,0,2,0,0,0,0,2,0,2,0,2,2,0,0,0,2,2,0,0,"(1507,569):down:1013"
incomplete,0,itoyorifutures-numNodes2-numCores80-totalCores80-._._examples_lcs.out-n1048576-r1-c0-s0.000002-m1.out.1667827,1667827,2,80,80,._._examples_lcs.out,1048576,1,0,0.000002,1,0,,,,,,,,,,,,,,,,,,,,,,,,,,,,,,,,,,,,,,,,,,,,,,,,,,,,,,,,,,,,,,,,,,
ok,0,itoyorifutures-numNodes2-numCores80-totalCores80-._._examples_lcs.out-n1048576-r1-c0-s0.000002-m1.out.1667843,1667843,2,80,80,._._examples_lcs.out,1048576,1,0,0.000002,1,1,1,512,26527834356,26.527834356,26397868979,26.397868979,128681807,0.128681807,13502951799,13.502951799,66561320431,66.561320431,40.033486075,40.029502584999996,5592405,5592405,2796203,36094,245,9537,16873,127105604,141013,161504718,423,588,7161,62161,77073,93034632,36422838,52100242,8599,11824959,11557647,2187,2187,0,17933400,8200,40267260,3279,0,2187,2187,0,0,2,0,0,0,0,2,0,2,0,2,2,0,0,0,2,2,0,0,"(1507,569):down:1013"
ok,0,itoyorifutures-numNodes2-numCores80-totalCores80-._._examples_lcs.out-n1048576-r1-c0-s0.000002-m1.out.1667844,1667844,2,80,80,._._examples_lcs.out,1048576,1,0,0.000002,1,1,1,512,25994567395,25.994567395,26104978701,26.104978701,124740178,0.124740178,13302079043,13.302079043,65529143478,65.529143478,39.53457608299999,39.531797922,5592405,5592405,2796203,30368,248,331,299,123314365,73037,166133175,398,588,1401,24530,76912,94309740,37297834,52626982,9076,12213447,11944541,2187,2187,0,17933400,8200,32962238,3279,0,2187,2187,0,0,2,0,0,0,0,2,0,2,0,2,2,0,0,0,2,2,0,0,"(1507,569):down:1013"
ok,0,itoyorifutures-numNodes2-numCores80-totalCores80-._._examples_lcs.out-n1048576-r1-c0-s0.000002-m1.out.1667845,1667845,2,80,80,._._examples_lcs.out,1048576,1,0,0.000002,1,1,1,512,26224927986,26.224927986,26130731909,26.130731909,129809440,0.12980944,13085070850,13.08507085,65574349027,65.574349027,39.349421041,39.345612199,5592405,5592405,2796203,31997,337,437,268,128344412,96430,146660379,330,812,1161,33238,79705,83421198,32368560,46676986,7446,9891056,9685483,2187,2187,0,17933400,8200,39915752,3279,0,2187,2187,0,0,2,0,0,0,0,2,0,2,0,2,2,0,0,0,2,2,0,0,"(1507,569):down:1013"
ok,0,itoyorifutures-numNodes2-numCores80-totalCores80-._._examples_lcs.out-n1048576-r1-c0-s0.000002-m1.out.1667846,1667846,2,80,80,._._examples_lcs.out,1048576,1,0,0.000002,1,1,1,512,26717970604,26.717970604,26815509143,26.815509143,123034776,0.123034776,13527859589,13.527859589,67188228678,67.188228678,40.470258074,40.466403508,5592405,5592405,2796203,28082,363,8903,17777,121527947,110481,157599891,304,551,7365,62884,79641,90581996,35435736,50651179,9026,12905331,12642672,2187,2187,0,17933400,8200,29479612,3279,0,2187,2187,0,0,2,0,0,0,0,2,0,2,0,2,2,0,0,0,2,2,0,0,"(1507,569):down:1013"
ok,0,itoyorifutures-numNodes2-numCores80-totalCores80-._._examples_lcs.out-n1048576-r1-c0-s0.000002-m1.out.1667847,1667847,2,80,80,._._examples_lcs.out,1048576,1,0,0.000002,1,1,1,512,26221783784,26.221783784,25917470277,25.917470277,128946924,0.128946924,13311896720,13.31189672,65583054123,65.583054123,39.361270339,39.358313921000004,5592405,5592405,2796203,30709,240,426,278,127452926,101199,160429029,294,907,1283,42977,78225,93491290,36110294,52897494,8348,11058158,10818495,2188,2187,1,17941600,8200,36712790,3286,0,2188,2187,1,0,2,0,0,0,0,2,0,2,0,2,2,0,0,0,2,2,0,0,"(1507,569):down:1013"
ok,0,itoyorifutures-numNodes2-numCores80-totalCores80-._._examples_lcs.out-n1048576-r1-c0-s0.000002-m1.out.1667863,1667863,2,80,80,._._examples_lcs.out,1048576,1,0,0.000002,1,1,1,512,26446957884,26.446957884,26156373642,26.156373642,123757550,0.12375755,13244622565,13.244622565,65974639985,65.974639985,39.527682100999996,39.524753757,5592405,5592405,2796203,31580,305,9635,18392,122178452,146499,151988286,470,809,7121,76874,76781,84109574,32532652,47217647,8000,10417017,10174273,2187,2187,0,17933400,8200,37563284,3279,0,2187,2187,0,0,2,0,0,0,0,2,0,2,0,2,2,0,0,0,2,2,0,0,"(1507,569):down:1013"
ok,0,itoyorifutures-numNodes2-numCores80-totalCores80-._._examples_lcs.out-n1048576-r1-c0-s0.000002-m1.out.1667864,1667864,2,80,80,._._examples_lcs.out,1048576,1,0,0.000002,1,1,1,512,25878872231,25.878872231,26134591244,26.134591244,134586503,0.134586503,13264630855,13.264630855,65415363058,65.415363058,39.536490826999994,39.533808602,5592405,5592405,2796203,32315,239,8568,17254,133070266,141340,162696736,371,647,7750,60560,77898,88746869,34840678,49474131,9932,12550303,12263573,2187,2187,0,17933400,8200,42516265,3279,0,2187,2187,0,0,2,0,0,0,0,2,0,2,0,2,2,0,0,0,2,2,0,0,"(1507,569):down:1013"
ok,0,itoyorifutures-numNodes2-numCores80-totalCores80-._._examples_lcs.out-n1048576-r1-c0-s0.000002-m1.out.1667866,1667866,2,80,80,._._examples_lcs.out,1048576,1,0,0.000002,1,1,1,512,27062498738,27.062498738,27085642730,27.08564273,142013331,0.142013331,13777600749,13.777600749,68070807729,68.070807729,41.00830899099999,41.00525681,5592405,5592405,2796203,29981,315,11193,21184,140309354,137475,191880125,371,691,8580,68070,80027,115381543,46912844,63995884,8967,15512988,15258835,1055,1054,1,8651000,8200,22785875,1586,0,1055,1054,1,0,2,0,0,0,0,2,0,2,0,2,2,0,0,0,2,2,0,0,"(1507,569):down:1013"
ok,0,itoyorifutures-numNodes2-numCores80-totalCores80-._._examples_lcs.out-n1048576-r1-c0-s0.000002-m1.out.1667867,1667867,2,80,80,._._examples_lcs.out,1048576,1,0,0.000002,1,1,1,512,26524787304,26.524787304,26111701669,26.111701669,139804342,0.139804342,13411469654,13.411469654,66191929507,66.191929507,39.667142203,39.662975665,5592405,5592405,2796203,32053,243,383,247,138286554,90529,165004700,455,669,1549,26862,78925,94267620,37238048,52523015,9556,13231348,12953825,2187,2187,0,17933400,8200,38172126,3279,0,2187,2187,0,0,2,0,0,0,0,2,0,2,0,2,2,0,0,0,2,2,0,0,"(1507,569):down:1013"
ok,0,itoyorifutures-numNodes2-numCores80-totalCores80-._._examples_lcs.out-n1048576-r1-c0-s0.000002-m2.out.1667881,1667881,2,80,80,._._examples_lcs.out,1048576,1,0,0.000002,2,2,2,512,26266019120,26.26601912,26399356571,26.399356571,134576764,0.134576764,13349253854,13.349253854,66152290423,66.152290423,39.886271303,39.883187189,5592405,5592405,2796203,48839,248,360,301,132947586,99607,163547308,334,720,1926,58164,80102,93505372,37060401,52018233,8149,11075190,10846127,2187,2187,0,17933400,8200,41655848,3279,0,2187,2187,0,0,2,0,0,0,0,2,0,2,0,2,2,0,0,0,2,2,0,0,"(1507,569):down:1013;(1846,787):right:68"
ok,0,itoyorifutures-numNodes2-numCores80-totalCores80-._._examples_lcs.out-n1048576-r1-c0-s0.000002-m2.out.1667883,1667883,2,80,80,._._examples_lcs.out,1048576,1,0,0.000002,2,2,2,512,26491533119,26.491533119,26519332726,26.519332726,137883452,0.137883452,13559814012,13.559814012,66711501251,66.711501251,40.219968132000005,40.21703019,5592405,5592405,2796203,36662,288,673,291,136423154,44108,159431280,293,953,1487,33097,76962,91487000,35939439,51064848,9027,12386695,12115696,2188,2187,1,17941600,8200,40703305,3286,0,2188,2187,1,0,2,0,0,0,0,2,0,2,0,2,2,0,0,0,2,2,0,0,"(1507,569):down:1013;(1846,787):right:68"
incomplete,0,itoyorifutures-numNodes2-numCores80-totalCores80-._._examples_lcs.out-n1048576-r1-c0-s0.000002-m2.out.1667884,1667884,2,80,80,._._examples_lcs.out,1048576,1,0,0.000002,2,0,,,,,,,,,,,,,,,,,,,,,,,,,,,,,,,,,,,,,,,,,,,,,,,,,,,,,,,,,,,,,,,,,,
ok,0,itoyorifutures-numNodes2-numCores80-totalCores80-._._examples_lcs.out-n1048576-r1-c0-s0.000002-m2.out.1667885,1667885,2,80,80,._._examples_lcs.out,1048576,1,0,0.000002,2,2,2,512,26505250114,26.505250114,26449087695,26.449087695,128843137,0.128843137,13495299674,13.495299674,66582114133,66.582114133,40.076864019000006,40.073230506,5592405,5592405,2796203,31083,226,346,300,127383680,77813,168960097,288,948,1323,32490,79017,95230404,37330574,53428027,9765,12233484,11951382,3197,3195,2,26215400,8200,52503530,4803,0,3197,3195,2,0,2,0,0,0,0,2,0,2,0,2,2,0,0,0,2,2,0,0,"(1507,569):down:1013;(1846,787):right:68"
ok,0,itoyorifutures-numNodes2-numCores80-totalCores80-._._examples_lcs.out-n1048576-r1-c0-s0.000002-m2.out.1667901,1667901,2,80,80,._._examples_lcs.out,1048576,1,0,0.000002,2,2,2,512,26328975109,26.328975109,26353190977,26.353190977,113968589,0.113968589,13415107622,13.415107622,66214399334,66.214399334,39.88542422500001,39.882267188,5592405,5592405,2796203,36523,213,9418,18787,112316530,129953,168067177,311,721,8337,74033,79712,99734992,39697604,55579216,9216,12489550,12231474,2191,2187,4,17966200,8200,38465038,3307,0,2191,2187,4,0,2,0,0,0,0,2,0,2,0,2,2,0,0,0,2,2,0,0,"(1507,569):down:1013;(1846,787):right:68"
ok,0,itoyorifutures-numNodes2-numCores80-totalCores80-._._examples_lcs.out-n1048576-r1-c0-s0.000002-m2.out.1667902,1667902,2,80,80,._._examples_lcs.out,1048576,1,0,0.000002,2,2,2,512,26385802636,26.385802636,26583360679,26.583360679,167204489,0.167204489,13626597016,13.626597016,66766128446,66.766128446,40.380325809999995,40.377162184,5592405,5592405,2796203,33121,292,11247,21489,165452476,165821,172157542,351,597,8726,92559,77442,103377681,42005706,56906878,8023,12761770,12527289,2187,2187,0,17933400,8200,44339856,3279,0,2187,2187,0,0,2,0,0,0,0,2,0,2,0,2,2,0,0,0,2,2,0,0,"(1507,569):down:1013;(1846,787):right:68"
ok,0,itoyorifutures-numNodes2-numCores80-totalCores80-._._examples_lcs.out-n1048576-r1-c0-s0.000002-m2.out.1667903,1667903,2,80,80,._._examples_lcs.out,1048576,1,0,0.000002,2,2,2,512,26245083275,26.245083275,26223609702,26.223609702,112239858,0.112239858,13561631363,13.561631363,66145315930,66.14531593,39.900232654999996,39.897480923,5592405,5592405,2796203,30573,293,372,290,110778051,88101,168580444,376,639,1285,46209,78471,95937175,38223781,53230355,9613,14283291,14001051,2187,2187,0,17933400,8200,38986805,3279,0,2187,2187,0,0,2,0,0,0,0,2,0,2,0,2,2,0,0,0,2,2,0,0,"(1507,569):down:1013;(1846,787):right:68"
ok,0,itoyorifutures-numNodes2-numCores80-totalCores80-._._examples_lcs.out-n1048576-r1-c0-s0.000002-m2.out.1667904,1667904,2,80,80,._._examples_lcs.out,1048576,1,0,0.000002,2,2,2,512,25973674789,25.973674789,25531189344,25.531189344,124856593,0.124856593,13131440919,13.131440919,64763913672,64.763913672,38.790238883,38.787486856,5592405,5592405,2796203,32980,371,532,292,123390326,71695,148803991,335,681,1291,44246,77575,82901427,31919781,46611923,7088,10060422,9856892,2188,2187,1,17941600,8200,36596951,3286,0,2188,2187,1,0,2,0,0,0,0,2,0,2,0,2,2,0,0,0,2,2,0,0,"(1507,569):down:1013;(1846,787):right:68"
incomplete,0,itoyorifutures-numNodes2-numCores80-totalCores80-._._examples_lcs.out-n1048576-r1-c0-s0.000002-m2.out.1667905,1667905,2,80,80,._._examples_lcs.out,1048576,1,0,0.000002,2,0,,,,,,,,,,,,,,,,,,,,,,,,,,,,,,,,,,,,,,,,,,,,,,,,,,,,,,,,,,,,,,,,,,
ok,0,itoyorifutures-numNodes2-numCores80-totalCores80-._._examples_lcs.out-n1048576-r1-c0-s0.000002-m3.out.1667933,1667933,2,80,80,._._examples_lcs.out,1048576,1,0,0.000002,3,2,3,512,26378282977,26.378282977,26495633458,26.495633458,140385288,0.140385288,13679922897,13.679922897,66697313403,66.697313403,40.319030426,40.315941643,5592405,5592405,2796203,33975,286,9492,19253,138752935,153062,163352649,397,723,7666,76153,78815,90676697,36390816,49828489,11483,16132851,15792520,2187,2187,0,17933400,8200,39198764,3279,0,2187,2187,0,0,2,0,0,0,0,2,0,2,0,2,2,0,0,0,2,2,0,0,"(1507,569):down:1013;(1846,787):right:68"
incomplete,0,itoyorifutures-numNodes2-numCores80-totalCores80-._._examples_lcs.out-n1048576-r1-c0-s0.000002-m3.out.1667934,1667934,2,80,80,._._examples_lcs.out,1048576,1,0,0.000002,3,0,,,,,,,,,,,,,,,,,,,,,,,,,,,,,,,,,,,,,,,,,,,,,,,,,,,,,,,,,,,,,,,,,,
incomplete,0,itoyorifutures-numNodes2-numCores80-totalCores80-._._examples_lcs.out-n1048576-r1-c0-s0.000002-m3.out.1667935,1667935,2,80,80,._._examples_lcs.out,1048576,1,0,0.000002,3,0,,,,,,,,,,,,,,,,,,,,,,,,,,,,,,,,,,,,,,,,,,,,,,,,,,,,,,,,,,,,,,,,,,
incomplete,0,itoyorifutures-numNodes2-numCores80-totalCores80-._._examples_lcs.out-n1048576-r1-c0-s0.000002-m3.out.1667936,1667936,2,80,80,._._examples_lcs.out,1048576,1,0,0.000002,3,0,,,,,,,,,,,,,,,,,,,,,,,,,,,,,,,,,,,,,,,,,,,,,,,,,,,,,,,,,,,,,,,,,,
ok,0,itoyorifutures-numNodes2-numCores80-totalCores80-._._examples_lcs.out-n1048576-r1-c0-s0.000002-m3.out.1667937,1667937,2,80,80,._._examples_lcs.out,1048576,1,0,0.000002,3,2,3,512,26593004829,26.593004829,26917406690,26.91740669,154220136,0.154220136,13792237018,13.792237018,67460859477,67.460859477,40.867854648,40.863863844,5592405,5592405,2796203,34095,240,11601,21416,152577598,130068,196939053,419,622,8351,61259,80719,119560745,48733525,66325576,9443,15867945,15603657,2187,2187,0,17933400,8200,46151173,3279,0,2187,2187,0,0,2,0,0,0,0,2,0,2,0,2,2,0,0,0,2,2,0,0,"(1507,569):down:1013;(1846,787):right:68"
ok,0,itoyorifutures-numNodes2-numCores80-totalCores80-._._examples_lcs.out-n1048576-r1-c0-s0.000002-m4.out.1667958,1667958,2,80,80,._._examples_lcs.out,1048576,1,0,0.000002,4,2,4,512,26525811013,26.525811013,26686616425,26.686616425,155648782,0.155648782,13806517389,13.806517389,67177698918,67.177698918,40.65188790500001,40.648782596000004,5592405,5592405,2796203,39596,274,521,288,154114720,27121,189986945,554,685,2070,35167,80356,111902519,45458159,61908510,8807,14939735,14695018,2189,2187,2,17949800,8200,47146215,3293,0,2189,2187,2,0,2,0,0,0,0,2,0,2,0,2,2,0,0,0,2,2,0,0,"(1507,569):down:1013;(1846,787):right:68"
ok,0,itoyorifutures-numNodes2-numCores80-totalCores80-._._examples_lcs.out-n1048576-r1-c0-s0.000002-m4.out.1667959,1667959,2,80,80,._._examples_lcs.out,1048576,1,0,0.000002,4,2,4,512,26941694894,26.941694894,26594762280,26.59476228,169500096,0.169500096,13635572100,13.6355721,67344489081,67.344489081,40.402794187000005,40.399834476,5592405,5592405,2796203,31347,288,328,301,167943248,27559,172336325,372,787,1688,34859,76748,101825777,41269628,56149307,7256,12599098,12386015,2187,2187,0,17933400,8200,46750626,3279,0,2187,2187,0,0,2,0,0,0,0,2,0,2,0,2,2,0,0,0,2,2,0,0,"(1507,569):down:1013;(1846,787):right:68"
ok,0,itoyorifutures-numNodes2-numCores80-totalCores80-._._examples_lcs.out-n1048576-r1-c0-s0.000002-m4.out.1667960,1667960,2,80,80,._._examples_lcs.out,1048576,1,0,0.000002,4,2,4,512,27157459099,27.157459099,26524563321,26.524563321,149366883,0.149366883,13542514486,13.542514486,67376809641,67.376809641,40.219350541999994,40.216444689999996,5592405,5592405,2796203,31655,253,11341,21151,147622131,157239,176196281,455,758,8798,95336,76028,107702318,44148989,59133866,7953,13561756,13326548,2187,2187,0,17933400,8200,37202551,3279,0,2187,2187,0,0,2,0,0,0,0,2,0,2,0,2,2,0,0,0,2,2,0,0,"(1507,569):down:1013;(1846,787):right:68"
ok,0,itoyorifutures-numNodes2-numCores80-totalCores80-._._examples_lcs.out-n1048576-r1-c0-s0.000002-m4.out.1667961,1667961,2,80,80,._._examples_lcs.out,1048576,1,0,0.000002,4,2,4,512,25814927503,25.814927503,26035453548,26.035453548,126637893,0.126637893,13203326089,13.203326089,65183094821,65.183094821,39.368167318,39.36541753,5592405,5592405,2796203,30131,310,8995,18174,125104333,111091,157893792,412,546,7261,56301,76324,90483659,35446956,50707033,9128,12654961,12380720,2188,2187,1,17941600,8200,42635237,3286,0,2188,2187,1,0,2,0,0,0,0,2,0,2,0,2,2,0,0,0,2,2,0,0,"(1507,569):down:1013;(1846,787):right:68"
ok,0,itoyorifutures-numNodes2-numCores80-totalCores80-._._examples_lcs.out-n1048576-r1-c0-s0.000002-m4.out.1667962,1667962,2,80,80,._._examples_lcs.out,1048576,1,0,0.000002,4,2,4,512,26488415442,26.488415442,26226572918,26.226572918,128944737,0.128944737,13449720596,13.449720596,66296609993,66.296609993,39.808194551,39.805238251,5592405,5592405,2796203,29858,210,8771,17234,127455064,146317,155457635,444,661,7681,51508,76776,88030161,34129938,49476739,8407,11228336,10986854,2187,2187,0,17933400,8200,34756846,3279,0,2187,2187,0,0,2,0,0,0,0,2,0,2,0,2,2,0,0,0,2,2,0,0,"(1507,569):down:1013;(1846,787):right:68"
ok,0,itoyorifutures-numNodes2-numCores80-totalCores80-._._examples_lcs.out-n1048576-r1-c0-s0.000002-m4.out.1667987,1667987,2,80,80,._._examples_lcs.out,1048576,1,0,0.000002,4,2,4,512,27205335303,27.205335303,26989494696,26.989494696,129058402,0.129058402,13735777567,13.735777567,68064233164,68.064233164,40.858897861,40.854330665,5592405,5592405,2796203,33055,222,346,417,127459957,93588,178054372,613,854,1214,54250,79866,105301559,42767313,58048215,8253,13899603,13650454,2187,2187,0,17933400,8200,44981829,3279,0,2187,2187,0,0,2,0,0,0,0,2,0,2,0,2,2,0,0,0,2,2,0,0,"(1507,569):down:1013;(1846,787):right:68"
ok,0,itoyorifutures-numNodes2-numCores80-totalCores80-._._examples_lcs.out-n1048576-r1-c0-s0.000002-m4.out.1667990,1667990,2,80,80,._._examples_lcs.out,1048576,1,0,0.000002,4,2,4,512,26014392788,26.014392788,26075155738,26.075155738,121199847,0.121199847,13252215391,13.252215391,65466705798,65.466705798,39.45231301000001,39.448570976,5592405,5592405,2796203,33309,237,533,300,119816098,33766,164785389,307,638,1519,16278,76904,97906586,38993613,54558113,8508,12925736,12673868,2187,2187,0,17933400,8200,39354509,3279,0,2187,2187,0,0,2,0,0,0,0,2,0,2,0,2,2,0,0,0,2,2,0,0,"(1507,569):down:1013;(1846,787):right:68"
ok,0,itoyorifutures-numNodes2-numCores80-totalCores80-._._examples_lcs.out-n1048576-r1-c0-s0.000006-m3.out.1668051,1668051,2,80,80,._._examples_lcs.out,1048576,1,0,0.000006,3,3,3,512,26107304673,26.107304673,26133898233,26.133898233,109046375,0.109046375,19929802275,19.929802275,72282785057,72.282785057,46.175480384,46.172746883,5592405,5592405,4194304,29825,284,437,300,107690022,38721,235280068,142,286,398,852,113569,133616516,52051760,74911902,11393,15512277,15175228,2189,2187,2,17949800,8200,39413768,3293,0,2189,2187,2,0,1,0,0,0,0,3,0,3,0,3,3,0,0,0,1,3,0,0,"(65,1740):down:739;(331,1012):down:864;(337,1009):down:837"
ok,0,itoyorifutures-numNodes2-numCores80-totalCores80-._._examples_lcs.out-n1048576-r1-c0-s0.000006-m3.out.1668052,1668052,2,80,80,._._examples_lcs.out,1048576,1,0,0.000006,3,3,3,512,26337153385,26.337153385,26381983919,26.381983919,114509720,0.11450972,20254736407,20.254736407,73092654114,73.092654114,46.755500729,46.751230046,5592405,5592405,4194304,29797,328,370,289,113012200,82911,261943809,208,150,383,3932,118345,150780392,59636341,84476539,12947,19128113,18756353,2187,2187,0,17933400,8200,35977383,3279,0,2187,2187,0,0,1,0,0,0,0,3,0,3,0,3,3,0,0,0,1,3,0,0,"(65,1740):down:739;(331,1012):down:864;(337,1009):down:837"
ok,0,itoyorifutures-numNodes2-numCores80-totalCores80-._._examples_lcs.out-n1048576-r1-c0-s0.000006-m3.out.1668053,1668053,2,80,80,._._examples_lcs.out,1048576,1,0,0.000006,3,3,3,512,26601513010,26.60151301,26389349358,26.389349358,116335577,0.116335577,20141901238,20.141901238,73252114273,73.252114273,46.650601263,46.647586173,5592405,5592405,4194304,39814,634,9554,18164,114737983,135467,249502425,119,509,507,1270,120431,141523222,55231526,79583861,12586,16754411,16401552,2,0,2,16400,8200,1935067,14,0,2,0,2,0,1,0,0,0,0,3,0,3,0,3,3,0,0,0,1,3,0,0,"(65,1740):down:739;(331,1012):down:864;(337,1009):down:837"
ok,0,itoyorifutures-numNodes2-numCores80-totalCores80-._._examples_lcs.out-n1048576-r1-c0-s0.000006-m3.out.1668054,1668054,2,80,80,._._examples_lcs.out,1048576,1,0,0.000006,3,3,3,512,26262986934,26.262986934,26021320764,26.021320764,115265958,0.115265958,19999804529,19.999804529,72403293460,72.40329346,46.140306526,46.13639125099999,5592405,5592405,4194304,30399,257,294,284,113759997,70195,274991386,202,246,406,707,117150,161590888,65445258,89586730,13491,23510033,23124176,2187,2187,0,17933400,8200,42471661,3279,0,2187,2187,0,0,1,0,0,0,0,3,0,3,0,3,3,0,0,0,1,3,0,0,"(65,1740):down:739;(331,1012):down:864;(337,1009):down:837"
ok,0,itoyorifutures-numNodes2-numCores80-totalCores80-._._examples_lcs.out-n1048576-r1-c0-s0.000006-m3.out.1668055,1668055,2,80,80,._._examples_lcs.out,1048576,1,0,0.000006,3,3,3,512,26015765754,26.015765754,25872047276,25.872047276,106913208,0.106913208,19749856022,19.749856022,71748378208,71.748378208,45.732612454000005,45.728816506,5592405,5592405,4194304,34480,282,405,288,105561717,28217,236095648,301,261,756,832,114923,132959576,51770329,74659230,13951,17724781,17325103,2187,2187,0,17933400,8200,40247968,3279,0,2187,2187,0,0,1,0,0,0,0,3,0,3,0,3,3,0,0,0,1,3,0,0,"(65,1740):down:739;(331,1012):down:864;(337,1009):down:837"
ok,0,itoyorifutures-numNodes2-numCores80-totalCores80-._._examples_lcs.out-n1048576-r1-c0-s0.000006-m3.out.1668071,1668071,2,80,80,._._examples_lcs.out,1048576,1,0,0.000006,3,3,3,512,26115195531,26.115195531,25983879175,25.983879175,103969455,0.103969455,19706609672,19.706609672,71913080861,71.913080861,45.79788533,45.794458301999995,5592405,5592405,4194304,33964,341,8428,17470,102464806,143504,235588818,133,270,455,1029,119960,132588540,51043825,74984184,10738,14539871,14232320,2187,2187,0,17933400,8200,33980032,3279,0,2187,2187,0,0,1,0,0,0,0,3,0,3,0,3,3,0,0,0,1,3,0,0,"(65,1740):down:739;(331,1012):down:864;(337,1009):down:837"
ok,0,itoyorifutures-numNodes2-numCores80-totalCores80-._._examples_lcs.out-n1048576-r1-c0-s0.000006-m3.out.1668072,1668072,2,80,80,._._examples_lcs.out,1048576,1,0,0.000006,3,3,3,512,26413956137,26.413956137,26390194857,26.390194857,121892015,0.121892015,20329553457,20.329553457,73258519085,73.258519085,46.844562948000004,46.841640329,5592405,5592405,4194304,30962,300,9401,18115,120360725,142152,241683315,207,245,421,846,115692,138178347,54191285,77280395,13342,18245087,17858906,1,0,1,8200,8200,162601,7,0,1,0,1,0,1,0,0,0,0,3,0,3,0,3,3,0,0,0,1,3,0,0,"(65,1740):down:739;(331,1012):down:864;(337,1009):down:837"
ok,0,itoyorifutures-numNodes2-numCores80-totalCores80-._._examples_lcs.out-n1048576-r1-c0-s0.000006-m3.out.1668073,1668073,2,80,80,._._examples_lcs.out,1048576,1,0,0.000006,3,3,3,512,26412695911,26.412695911,26421905068,26.421905068,104403530,0.10440353,19895928844,19.895928844,72837741257,72.837741257,46.425045346000005,46.422237442,5592405,5592405,4194304,28819,254,417,319,102865110,91472,235179916,214,289,393,6144,112795,135571939,52568793,76384185,11173,16191041,15855289,2187,2187,0,17933400,8200,38797560,3279,0,2187,2187,0,0,1,0,0,0,0,3,0,3,0,3,3,0,0,0,1,3,0,0,"(65,1740):down:739;(331,1012):down:864;(337,1009):down:837"
ok,0,itoyorifutures-numNodes2-numCores80-totalCores80-._._examples_lcs.out-n1048576-r1-c0-s0.000006-m3.out.1668074,1668074,2,80,80,._._examples_lcs.out,1048576,1,0,0.000006,3,3,3,512,25941034749,25.941034749,25915071129,25.915071129,109943542,0.109943542,19805339749,19.805339749,71774063394,71.774063394,45.833028645,45.830354420000006,5592405,5592405,4194304,17661,287,9098,17456,108422430,128622,245634211,215,237,390,758,115646,139397175,54496262,78285149,13407,18355753,17971960,2187,2187,0,17933400,8200,36035555,3279,0,2187,2187,0,0,1,0,0,0,0,3,0,3,0,3,3,0,0,0,1,3,0,0,"(65,1740):down:739;(331,1012):down:864;(337,1009):down:837"
ok,0,itoyorifutures-numNodes2-numCores80-totalCores80-._._examples_lcs.out-n1048576-r1-c0-s0.000006-m3.out.1668075,1668075,2,80,80,._._examples_lcs.out,1048576,1,0,0.000006,3,3,3,512,26327432121,26.327432121,26237191823,26.237191823,108576173,0.108576173,20068723423,20.068723423,72745099770,72.74509977,46.417667648999995,46.414491419,5592405,5592405,4194304,29981,274,9352,19001,107021575,138164,246191284,166,174,564,930,120526,143557919,56181446,80702181,12316,18040356,17689006,0,0,0,0,0,0,0,0,0,0,0,0,1,0,0,0,0,3,0,3,0,3,3,0,0,0,1,3,0,0,"(65,1740):down:739;(331,1012):down:864;(337,1009):down:837"
ok,0,itoyorifutures-numNodes2-numCores80-totalCores80-._._examples_lcs.out-n1048576-r1-c0-s0.000006-m3.out.1668133,1668133,2,80,80,._._examples_lcs.out,1048576,1,0,0.000006,3,3,3,512,26160612667,26.160612667,26086865160,26.08686516,97442817,0.097442817,19918839712,19.918839712,72266935044,72.266935044,46.106322377,46.103147689,5592405,5592405,4194304,31222,289,9024,16972,95959826,116434,238697375,144,238,568,1036,117046,134185174,52085006,75496369,13108,17146097,16772085,2,0,2,16400,8200,1700423,14,0,2,0,2,0,1,0,0,0,0,3,0,3,0,3,3,0,0,0,1,3,0,0,"(65,1740):down:739;(331,1012):down:864;(337,1009):down:837"
ok,0,itoyorifutures-numNodes2-numCores80-totalCores80-._._examples_lcs.out-n1048576-r1-c0-s0.000006-m3.out.1668134,1668134,2,80,80,._._examples_lcs.out,1048576,1,0,0.000006,3,3,3,512,26438257934,26.438257934,25808566782,25.808566782,103329683,0.103329683,19791363986,19.791363986,72146110612,72.146110612,45.707852678,45.703260451,5592405,5592405,4194304,33198,282,8973,17572,101824399,108686,243120216,139,201,609,976,117033,137643492,53537925,77594836,13023,17592267,17224108,2188,2187,1,17941600,8200,35952467,3286,0,2188,2187,1,0,1,0,0,0,0,3,0,3,0,3,3,0,0,0,1,3,0,0,"(65,1740):down:739;(337,1009):down:837;(331,1012):down:864"
ok,0,itoyorifutures-numNodes2-numCores80-totalCores80-._._examples_lcs.out-n1048576-r1-c0-s0.000006-m3.out.1668135,1668135,2,80,80,._._examples_lcs.out,1048576,1,0,0.000006,3,3,3,512,26891656011,26.891656011,26623377546,26.623377546,119302485,0.119302485,20291325311,20.291325311,73929946483,73.929946483,47.038290472,47.034005342,5592405,5592405,4194304,28617,517,400,359,117738911,96437,273583512,131,175,809,780,117010,158566586,64538665,87383721,12697,19571849,19204529,2187,2187,0,17933400,8200,41803196,3279,0,2187,2187,0,0,1,0,0,0,0,3,0,3,0,3,3,0,0,0,1,3,0,0,"(65,1740):down:739;(331,1012):down:864;(337,1009):down:837"
ok,0,itoyorifutures-numNodes2-numCores80-totalCores80-._._examples_lcs.out-n1048576-r1-c0-s0.000006-m3.out.1668136,1668136,2,80,80,._._examples_lcs.out,1048576,1,0,0.000006,3,3,3,512,27179463354,27.179463354,26578954975,26.578954975,125212698,0.125212698,20438775995,20.438775995,74325808929,74.325808929,47.146345575000005,47.142943668,5592405,5592405,4194304,771262,264,229414,275901,122277282,15925,248515880,411,11928,832,27156,118995,145885982,58137892,80872377,14549,18651594,18226949,3,0,3,24600,8200,193473,7,0,2,0,2,0,1,0,0,0,0,43,0,32,0,32,32,0,0,0,1,32,0,11,"(65,1740):down:739;(331,1012):down:864;(337,1009):down:837"
ok,0,itoyorifutures-numNodes2-numCores80-totalCores80-._._examples_lcs.out-n1048576-r1-c0-s0.000006-m3.out.1668137,1668137,2,80,80,._._examples_lcs.out,1048576,1,0,0.000006,3,3,3,512,26809778211,26.809778211,26747840635,26.747840635,119930355,0.119930355,20328279722,20.328279722,74008790409,74.008790409,47.199012198,47.196050712,5592405,5592405,4194304,34764,504,394,292,118333583,81996,274278440,208,261,404,1100,117741,164538606,67164806,90603007,11778,19851894,19510049,3,0,3,24600,8200,3260502,21,0,3,0,3,0,1,0,0,0,0,3,0,3,0,3,3,0,0,0,1,3,0,0,"(65,1740):down:739;(331,1012):down:864;(337,1009):down:837"
ok,0,itoyorifutures-numNodes2-numCores80-totalCores80-._._examples_lcs.out-n1048576-r1-c0-s0.000006-m4.out.1668154,1668154,2,80,80,._._examples_lcs.out,1048576,1,0,0.000006,4,4,4,512,26823518379,26.823518379,26657369839,26.657369839,87803655,0.087803655,26297622793,26.297622793,79869095138,79.869095138,53.04557675900001,53.042796287,5592405,5592405,5592405,32453,240,9505,18665,86346290,152032,261904459,131,257,386,877,150052,146934810,55157238,82850349,9488,13965578,13680682,3,0,3,24600,8200,1810779,21,0,3,0,3,0,0,0,0,0,0,4,0,4,0,4,4,0,0,0,0,4,0,0,"(437,152):down:671;(65,1740):down:739;(331,1012):down:864;(337,1009):down:837"
ok,0,itoyorifutures-numNodes2-numCores80-totalCores80-._._examples_lcs.out-n1048576-r1-c0-s0.000006-m4.out.1668155,1668155,2,80,80,._._examples_lcs.out,1048576,1,0,0.000006,4,4,4,512,26219027904,26.219027904,26272382931,26.272382931,85758376,0.085758376,25677538215,25.677538215,78258701968,78.258701968,52.039674063999996,52.035679521999995,5592405,5592405,5592405,41553,359,9168,17246,84348211,132105,267140270,120,488,665,1315,159969,148979125,54983877,85135731,9868,12333923,12060861,3,0,3,24600,8200,252891,21,0,3,0,3,0,0,0,0,0,0,4,0,4,0,4,4,0,0,0,0,4,0,0,"(437,152):down:671;(65,1740):down:739;(331,1012):down:864;(337,1009):down:837"
ok,0,itoyorifutures-numNodes2-numCores80-totalCores80-._._examples_lcs.out-n1048576-r1-c0-s0.000006-m4.out.1668156,1668156,2,80,80,._._examples_lcs.out,1048576,1,0,0.000006,4,4,4,512,25505146961,25.505146961,25690863934,25.690863934,87283144,0.087283144,26073483314,26.073483314,77359575157,77.359575157,51.85442819599999,51.851630392000004,5592405,5592405,5592405,30718,421,9368,17768,85827203,174126,312488406,141,235,377,652,160390,178223473,69035521,100510305,14490,19955241,19553101,1,0,1,8200,8200,199334,7,0,1,0,1,0,0,0,0,0,0,4,0,4,0,4,4,0,0,0,0,4,0,0,"(437,152):down:671;(65,1740):down:739;(331,1012):down:864;(337,1009):down:837"
ok,0,itoyorifutures-numNodes2-numCores80-totalCores80-._._examples_lcs.out-n1048576-r1-c0-s0.000006-m4.out.1668158,1668158,2,80,80,._._examples_lcs.out,1048576,1,0,0.000006,4,4,4,512,26565343643,26.565343643,26405975367,26.405975367,90187040,0.09018704,26502147514,26.502147514,79567484765,79.567484765,53.002141122000005,52.998309921,5592405,5592405,5592405,32437,279,9809,19107,88740502,147426,320204887,240,222,543,898,158706,180122286,69777834,101501018,14712,19984341,19568040,2187,2187,0,17933400,8200,34505237,3279,0,2187,2187,0,0,0,0,0,0,0,4,0,4,0,4,4,0,0,0,0,4,0,0,"(437,152):down:671;(65,1740):down:739;(331,1012):down:864;(337,1009):down:837"
ok,0,itoyorifutures-numNodes2-numCores80-totalCores80-._._examples_lcs.out-n1048576-r1-c0-s0.000006-m5.out.1668011,1668011,2,80,80,._._examples_lcs.out,1048576,1,0,0.000006,5,5,5,512,25865630576,25.865630576,25765336065,25.765336065,87254783,0.087254783,26486732433,26.486732433,78207683242,78.207683242,52.342052666,52.339323281,5592405,5592405,5592405,37945,370,8879,17872,85782443,175151,313738764,184,314,406,907,152915,173975360,67024991,98092033,15694,21464962,21008432,1,0,1,8200,8200,85855,7,0,1,0,1,0,0,0,0,0,0,4,0,4,0,4,4,0,0,0,0,4,0,0,"(437,152):down:671;(65,1740):down:739;(331,1012):down:864;(337,1009):down:837;(812,552):down:538"
ok,0,itoyorifutures-numNodes2-numCores80-totalCores80-._._examples_lcs.out-n1048576-r1-c0-s0.000006-m5.out.1668012,1668012,2,80,80,._._examples_lcs.out,1048576,1,0,0.000006,5,5,5,512,26390786262,26.390786262,26046556954,26.046556954,87022036,0.087022036,25874976093,25.874976093,78402175321,78.402175321,52.011389059,52.008555083000005,5592405,5592405,5592405,32504,365,9277,18370,85578980,118048,272353095,165,275,527,906,153595,156091337,59479813,87968887,10569,15704967,15369617,3,0,3,24600,8200,202856,21,0,3,0,3,0,0,0,0,0,0,4,0,4,0,4,4,0,0,0,0,4,0,0,"(437,152):down:671;(65,1740):down:739;(331,1012):down:864;(337,1009):down:837;(812,552):down:538"
ok,0,itoyorifutures-numNodes2-numCores80-totalCores80-._._examples_lcs.out-n1048576-r1-c0-s0.000006-m5.out.1668013,1668013,2,80,80,._._examples_lcs.out,1048576,1,0,0.000006,5,5,5,512,26644925196,26.644925196,26921947210,26.92194721,102757440,0.10275744,26769586535,26.769586535,80442634686,80.442634686,53.79770949,53.794291185,5592405,5592405,5592405,30914,233,10812,21078,101198643,136068,317294983,128,228,361,1055,158374,185510529,73277890,103304526,11804,19380734,19054291,2,0,2,16400,8200,178491,14,0,2,0,2,0,0,0,0,0,0,4,0,4,0,4,4,0,0,0,0,4,0,0,"(437,152):down:671;(65,1740):down:739;(331,1012):down:864;(337,1009):down:837;(812,552):down:538"
ok,0,itoyorifutures-numNodes2-numCores80-totalCores80-._._examples_lcs.out-n1048576-r1-c0-s0.000006-m5.out.1668014,1668014,2,80,80,._._examples_lcs.out,1048576,1,0,0.000006,5,5,5,512,26574911399,26.574911399,26600559179,26.600559179,85733836,0.085733836,26255180899,26.255180899,79519251248,79.519251248,52.944339849,52.941473914,5592405,5592405,5592405,25795,395,9122,17987,84288826,136177,300477889,130,234,389,835,159651,170626768,65941304,96069334,16497,20416676,19948537,3,0,3,24600,8200,109202,21,0,3,0,3,0,0,0,0,0,0,4,0,4,0,4,4,0,0,0,0,4,0,0,"(437,152):down:671;(65,1740):down:739;(812,552):down:538;(331,1012):down:864;(337,1009):down:837"
ok,0,itoyorifutures-numNodes2-numCores80-totalCores80-._._examples_lcs.out-n1048576-r1-c0-s0.000006-m5.out.1668015,1668015,2,80,80,._._examples_lcs.out,1048576,1,0,0.000006,5,5,5,512,26701782137,26.701782137,26620871995,26.620871995,96205039,0.096205039,26521936105,26.521936105,79944724314,79.944724314,53.242942177,53.23901313900001,5592405,5592405,5592405,32451,265,341,295,94852461,73808,309749205,138,482,504,804,157249,179701843,69494950,101347706,13849,18875572,18482352,3,0,3,24600,8200,258810,21,0,3,0,3,0,0,0,0,0,0,4,0,4,0,4,4,0,0,0,0,4,0,0,"(437,152):down:671;(65,1740):down:739;(331,1012):down:864;(337,1009):down:837;(812,552):down:538"
ok,0,itoyorifutures-numNodes2-numCores80-totalCores80-._._examples_lcs.out-n1048576-r1-c0-s0.000006-m5.out.1668031,1668031,2,80,80,._._examples_lcs.out,1048576,1,0,0.000006,5,5,5,512,26442228236,26.442228236,26551614754,26.551614754,90888303,0.090888303,26379048179,26.379048179,79466600525,79.466600525,53.024372289000006,53.021551236,5592405,5592405,5592405,48530,240,9607,18304,89402304,116464,303663165,156,282,459,899,148234,173622853,66652515,98155870,13839,20073623,19667970,4,0,4,32800,8200,229138,28,0,4,0,4,0,0,0,0,0,0,4,0,4,0,4,4,0,0,0,0,4,0,0,"(437,152):down:671;(65,1740):down:739;(331,1012):down:864;(337,1009):down:837;(812,552):down:538"
ok,0,itoyorifutures-numNodes2-numCores80-totalCores80-._._examples_lcs.out-n1048576-r1-c0-s0.000006-m5.out.1668033,1668033,2,80,80,._._examples_lcs.out,1048576,1,0,0.000006,5,5,5,512,26194921520,26.19492152,26091283822,26.091283822,97163274,0.097163274,25937835377,25.937835377,78324020283,78.324020283,52.129098762999995,52.126282473,5592405,5592405,5592405,27934,274,378,299,95754147,96321,283330743,223,417,378,868,158175,162830040,62333299,91789901,11611,15800294,15479461,764,760,4,6264800,8200,11050221,1166,0,764,760,4,0,0,0,0,0,0,4,0,4,0,4,4,0,0,0,0,4,0,0,"(437,152):down:671;(337,1009):down:837;(331,1012):down:864;(65,1740):down:739;(812,552):down:538"
ok,0,itoyorifutures-numNodes2-numCores80-totalCores80-._._examples_lcs.out-n1048576-r1-c0-s0.000006-m5.out.1668034,1668034,2,80,80,._._examples_lcs.out,1048576,1,0,0.000006,5,5,5,512,27037093255,27.037093255,26963046341,26.963046341,97240294,0.097240294,26859715621,26.859715621,80959958479,80.959958479,53.92286522399999,53.920002256,5592405,5592405,5592405,37606,282,9503,18181,95739729,161766,318293544,207,261,491,965,154916,183884133,71706733,103265475,14440,20731213,20303594,5,0,5,41000,8200,145008,35,0,5,0,5,0,0,0,0,0,0,4,0,4,0,4,4,0,0,0,0,4,0,0,"(437,152):down:671;(65,1740):down:739;(812,552):down:538;(337,1009):down:837;(331,1012):down:864"
ok,0,itoyorifutures-numNodes2-numCores80-totalCores80-._._examples_lcs.out-n1048576-r1-c0-s0.000006-m6.out.1668091,1668091,2,80,80,._._examples_lcs.out,1048576,1,0,0.000006,6,6,6,512,26844456485,26.844456485,26262100993,26.262100993,92830330,0.09283033,26485803677,26.485803677,79689598637,79.689598637,52.84514215200001,52.840735,5592405,5592405,5592405,31566,246,9562,18417,91393774,130395,285881248,133,215,490,973,151048,162646119,62407344,91343578,11999,17256902,16901751,6,0,6,49200,8200,340310,42,0,6,0,6,0,0,0,0,0,0,4,0,4,0,4,4,0,0,0,0,4,0,0,"(437,152):down:671;(65,1740):down:739;(331,1012):down:864;(337,1009):down:837;(812,552):down:538;(928,494):right:59"
incomplete,0,itoyorifutures-numNodes2-numCores80-totalCores80-._._examples_lcs.out-n1048576-r1-c0-s0.000006-m6.out.1668092,1668092,2,80,80,._._examples_lcs.out,1048576,1,0,0.000006,6,0,,,,,,,,,,,,,,,,,,,,,,,,,,,,,,,,,,,,,,,,,,,,,,,,,,,,,,,,,,,,,,,,,,
ok,0,itoyorifutures-numNodes2-numCores80-totalCores80-._._examples_lcs.out-n1048576-r1-c0-s0.000006-m6.out.1668093,1668093,2,80,80,._._examples_lcs.out,1048576,1,0,0.000006,6,6,6,512,26924222646,26.924222646,26856088800,26.8560888,102843707,0.102843707,26740438637,26.740438637,80627988948,80.627988948,53.70376630199999,53.699371144,5592405,5592405,5592405,35063,487,10810,21562,101287430,144678,320987652,133,232,386,741,162488,191295681,75265551,107082590,11705,19025937,18704984,762,760,2,6248400,8200,12612278,1152,0,762,760,2,0,0,0,0,0,0,4,0,4,0,4,4,0,0,0,0,4,0,0,"(437,152):down:671;(65,1740):down:739;(331,1012):down:864;(337,1009):down:837;(812,552):down:538;(928,494):right:59"
incomplete,0,itoyorifutures-numNodes2-numCores80-totalCores80-._._examples_lcs.out-n1048576-r1-c0-s0.000006-m6.out.1668094,1668094,2,80,80,._._examples_lcs.out,1048576,1,0,0.000006,6,0,,,,,,,,,,,,,,,,,,,,,,,,,,,,,,,,,,,,,,,,,,,,,,,,,,,,,,,,,,,,,,,,,,
ok,0,itoyorifutures-numNodes2-numCores80-totalCores80-._._examples_lcs.out-n1048576-r1-c0-s0.000006-m6.out.1668095,1668095,2,80,80,._._examples_lcs.out,1048576,1,0,0.000006,6,6,6,512,26103115024,26.103115024,26107265422,26.107265422,81966846,0.081966846,26204624617,26.204624617,78499715494,78.499715494,52.396600469999996,52.393856885000005,5592405,5592405,5592405,30537,272,324,313,80599546,88859,283662813,175,280,453,706,157460,149672290,56891673,83958483,22938,19868226,19201552,2190,2187,3,17958000,8200,29629602,3300,0,2190,2187,3,0,0,0,0,0,0,4,0,4,0,4,4,0,0,0,0,4,0,0,"(437,152):down:671;(65,1740):down:739;(928,494):right:59;(331,1012):down:864;(337,1009):down:837;(812,552):down:538"
incomplete,0,itoyorifutures-numNodes2-numCores80-totalCores80-._._examples_lcs.out-n1048576-r1-c0-s0.000006-m6.out.1668111,1668111,2,80,80,._._examples_lcs.out,1048576,1,0,0.000006,6,0,,,,,,,,,,,,,,,,,,,,,,,,,,,,,,,,,,,,,,,,,,,,,,,,,,,,,,,,,,,,,,,,,,
ok,0,itoyorifutures-numNodes2-numCores80-totalCores80-._._examples_lcs.out-n1048576-r1-c0-s0.000006-m6.out.1668112,1668112,2,80,80,._._examples_lcs.out,1048576,1,0,0.000006,6,6,6,512,27022133990,27.02213399,27001103538,27.001103538,106156230,0.10615623,26775889125,26.775889125,80909271232,80.909271232,53.887137241999994,53.883148893,5592405,5592405,5592405,33393,293,11320,22273,104559875,161711,323327517,119,307,399,746,155734,193104505,76335750,107947426,11352,20127255,19791805,3,0,3,24600,8200,179124,21,0,3,0,3,0,0,0,0,0,0,4,0,4,0,4,4,0,0,0,0,4,0,0,"(437,152):down:671;(65,1740):down:739;(331,1012):down:864;(337,1009):down:837;(928,494):right:59;(812,552):down:538"
ok,0,itoyorifutures-numNodes2-numCores80-totalCores80-._._examples_lcs.out-n1048576-r1-c0-s0.000006-m6.out.1668113,1668113,2,80,80,._._examples_lcs.out,1048576,1,0,0.000006,6,6,6,512,26333541505,26.333541505,26468739355,26.468739355,112531135,0.112531135,26302221151,26.302221151,79220123312,79.220123312,52.886581807,52.883491641000006,5592405,5592405,5592405,35409,277,11083,21355,110914832,183641,349616511,257,265,431,976,157981,207574264,82483614,116319891,14306,23107873,22700640,4,0,4,32800,8200,142248,28,0,4,0,4,0,0,0,0,0,0,4,0,4,0,4,4,0,0,0,0,4,0,0,"(437,152):down:671;(65,1740):down:739;(331,1012):down:864;(337,1009):down:837;(812,552):down:538;(928,494):right:59"
ok,0,itoyorifutures-numNodes2-numCores80-totalCores80-._._examples_lcs.out-n1048576-r1-c0-s0.000006-m6.out.1668115,1668115,2,80,80,._._examples_lcs.out,1048576,1,0,0.000006,6,6,6,512,26975347937,26.975347937,26450635715,26.450635715,112590845,0.112590845,25959638902,25.959638902,79501276773,79.501276773,52.525928836000006,52.522865462,5592405,5592405,5592405,34316,233,11233,21008,110189428,1011670,285594088,189,226,507,968,156742,169140161,65621253,94789967,9775,14570608,14265239,3,0,3,24600,8200,179816,21,0,3,0,3,0,0,0,0,0,0,4,0,4,0,4,4,0,0,0,0,4,0,0,"(437,152):down:671;(65,1740):down:739;(928,494):right:59;(812,552):down:538;(331,1012):down:864;(337,1009):down:837"
ok,0,itoyorifutures-numNodes4-numCores160-totalCores160-._._examples_lcs.out-n1048576-r1-c0-s0.000002-m1.out.1667755,1667755,4,160,160,._._examples_lcs.out,1048576,1,0,0.000002,1,1,1,512,14354884999,14.354884999,14117276834,14.117276834,174584279,0.174584279,7294181778,7.294181778,35945115479,35.945115479,21.590230480000002,21.586042890999998,5592405,5592405,2796203,40967,296,10133,20435,171388440,174161,141680441,593,1510,9354,87918,39890,87137330,39403119,45525386,7114,16636887,16435231,2187,2187,0,17933400,8200,51905697,3279,0,2187,2187,0,0,2,0,0,0,0,2,0,2,0,2,2,0,0,0,2,2,0,0,"(1507,569):down:1013"
ok,0,itoyorifutures-numNodes4-numCores160-totalCores160-._._examples_lcs.out-n1048576-r1-c0-s0.000002-m1.out.1667756,1667756,4,160,160,._._examples_lcs.out,1048576,1,0,0.000002,1,1,1,512,14702238574,14.702238574,14481758234,14.481758234,184307075,0.184307075,7491945405,7.491945405,36865783545,36.865783545,22.163544971,22.158010714,5592405,5592405,2796203,36405,282,436,299,181120676,83925,148351329,359,667,1396,58868,38598,93263181,42594646,48464750,7321,18065348,17849814,986,985,1,8085200,8200,24400255,1482,0,986,985,1,0,2,0,0,0,0,2,0,2,0,2,2,0,0,0,2,2,0,0,"(1507,569):down:1013"
ok,0,itoyorifutures-numNodes4-numCores160-totalCores160-._._examples_lcs.out-n1048576-r1-c0-s0.000002-m1.out.1667757,1667757,4,160,160,._._examples_lcs.out,1048576,1,0,0.000002,1,1,1,512,14780328844,14.780328844,14408024382,14.408024382,166160569,0.166160569,7570212372,7.570212372,36929889495,36.929889495,22.149560650999998,22.144397323,5592405,5592405,2796203,32815,273,10875,21026,162708425,144096,160208926,384,714,8237,110014,39170,103013120,47391863,53419391,6882,18876360,18677468,2187,2187,0,17933400,8200,55188297,3279,0,2187,2187,0,0,2,0,0,0,0,2,0,2,0,2,2,0,0,0,2,2,0,0,"(1507,569):down:1013"
ok,0,itoyorifutures-numNodes4-numCores160-totalCores160-._._examples_lcs.out-n1048576-r1-c0-s0.000002-m1.out.1667759,1667759,4,160,160,._._examples_lcs.out,1048576,1,0,0.000002,1,1,1,512,14350367959,14.350367959,14183016237,14.183016237,154253395,0.154253395,7390402100,7.3904021,36083433138,36.083433138,21.733065178999997,21.727671732,5592405,5592405,2796203,50209,293,10328,21863,150941306,212508,150251856,365,768,10628,126361,38544,94798818,43187191,49491939,7070,17798176,17594583,0,0,0,0,0,0,0,0,0,0,0,0,2,0,0,0,0,2,0,2,0,2,2,0,0,0,2,2,0,0,"(1507,569):down:1013"
ok,0,itoyorifutures-numNodes4-numCores160-totalCores160-._._examples_lcs.out-n1048576-r1-c0-s0.000002-m1.out.1667809,1667809,4,160,160,._._examples_lcs.out,1048576,1,0,0.000002,1,1,1,512,14328731257,14.328731257,14112755460,14.11275546,146109687,0.146109687,7266456342,7.266456342,35857917984,35.857917984,21.529186726999995,21.525321489,5592405,5592405,2796203,33743,257,9973,20488,143084890,104518,149017123,328,888,8029,72866,39337,90786084,41348280,47255535,7336,16591162,16376072,2187,2187,0,17933400,8200,51005140,3279,0,2187,2187,0,0,2,0,0,0,0,2,0,2,0,2,2,0,0,0,2,2,0,0,"(1507,569):down:1013"
incomplete,0,itoyorifutures-numNodes4-numCores160-totalCores160-._._examples_lcs.out-n1048576-r1-c0-s0.000002-m1.out.1667810,1667810,4,160,160,._._examples_lcs.out,1048576,1,0,0.000002,1,0,,,,,,,,,,,,,,,,,,,,,,,,,,,,,,,,,,,,,,,,,,,,,,,,,,,,,,,,,,,,,,,,,,
incomplete,0,itoyorifutures-numNodes4-numCores160-totalCores160-._._examples_lcs.out-n1048576-r1-c0-s0.000002-m1.out.1667811,1667811,4,160,160,._._examples_lcs.out,1048576,1,0,0.000002,1,0,,,,,,,,,,,,,,,,,,,,,,,,,,,,,,,,,,,,,,,,,,,,,,,,,,,,,,,,,,,,,,,,,,
ok,0,itoyorifutures-numNodes4-numCores160-totalCores160-._._examples_lcs.out-n1048576-r1-c0-s0.000002-m1.out.1667812,1667812,4,160,160,._._examples_lcs.out,1048576,1,0,0.000002,1,1,1,512,14347911625,14.347911625,14130149297,14.130149297,145951758,0.145951758,7382866778,7.382866778,36012302883,36.012302883,21.664391257999995,21.658967833000002,5592405,5592405,2796203,35878,224,10041,19877,142736023,168906,142256404,416,793,9068,87946,38714,85958273,38666597,45152458,7728,17471697,17247224,0,0,0,0,0,0,0,0,0,0,0,0,2,0,0,0,0,2,0,2,0,2,2,0,0,0,2,2,0,0,"(1507,569):down:1013"
ok,0,itoyorifutures-numNodes4-numCores160-totalCores160-._._examples_lcs.out-n1048576-r1-c0-s0.000002-m1.out.1667828,1667828,4,160,160,._._examples_lcs.out,1048576,1,0,0.000002,1,1,1,512,14575404720,14.57540472,14429509336,14.429509336,155018143,0.155018143,7411505008,7.411505008,36576004746,36.576004746,22.000600026,21.996032487,5592405,5592405,2796203,35593,268,615,297,151881702,87282,146115562,507,656,1237,74250,37859,89388120,40481007,46720554,6564,16547633,16351464,1,0,1,8200,8200,115667,7,0,1,0,1,0,2,0,0,0,0,2,0,2,0,2,2,0,0,0,2,2,0,0,"(1507,569):down:1013"
ok,0,itoyorifutures-numNodes4-numCores160-totalCores160-._._examples_lcs.out-n1048576-r1-c0-s0.000002-m1.out.1667830,1667830,4,160,160,._._examples_lcs.out,1048576,1,0,0.000002,1,1,1,512,14907646893,14.907646893,14699733202,14.699733202,173889915,0.173889915,7609923588,7.609923588,37397026335,37.397026335,22.489379442,22.483546705000002,5592405,5592405,2796203,28667,280,11691,22294,170249566,120458,165122195,385,585,9340,66690,39826,103712246,47600990,53903205,6914,18593715,18393788,2187,2187,0,17933400,8200,54545547,3279,0,2187,2187,0,0,2,0,0,0,0,2,0,2,0,2,2,0,0,0,2,2,0,0,"(1507,569):down:1013"
ok,0,itoyorifutures-numNodes4-numCores160-totalCores160-._._examples_lcs.out-n1048576-r1-c0-s0.000002-m1.out.1667832,1667832,4,160,160,._._examples_lcs.out,1048576,1,0,0.000002,1,1,1,512,14592542221,14.592542221,14425205896,14.425205896,164289826,0.164289826,7494350079,7.494350079,36680480022,36.680480022,22.087937800999995,22.083845801,5592405,5592405,2796203,38804,222,364,312,161170027,90317,155589828,326,648,1566,53824,39770,97562485,45060946,50291347,7300,18291923,18084183,0,0,0,0,0,0,0,0,0,0,0,0,2,0,0,0,0,2,0,2,0,2,2,0,0,0,2,2,0,0,"(1507,569):down:1013"
ok,0,itoyorifutures-numNodes4-numCores160-totalCores160-._._examples_lcs.out-n1048576-r1-c0-s0.000002-m1.out.1667848,1667848,4,160,160,._._examples_lcs.out,1048576,1,0,0.000002,1,1,1,512,14845094847,14.845094847,14694199339,14.694199339,165168255,0.165168255,7541249940,7.54124994,37249815931,37.249815931,22.404721084000002,22.400617534,5592405,5592405,2796203,31369,271,10278,20216,161756983,162544,154760984,446,857,7640,116913,40041,100064494,45311041,52567822,6626,17196286,17007701,2187,2187,0,17933400,8200,55108067,3279,0,2187,2187,0,0,2,0,0,0,0,2,0,2,0,2,2,0,0,0,2,2,0,0,"(1507,569):down:1013"
incomplete,0,itoyorifutures-numNodes4-numCores160-totalCores160-._._examples_lcs.out-n1048576-r1-c0-s0.000002-m1.out.1667849,1667849,4,160,160,._._examples_lcs.out,1048576,1,0,0.000002,1,0,,,,,,,,,,,,,,,,,,,,,,,,,,,,,,,,,,,,,,,,,,,,,,,,,,,,,,,,,,,,,,,,,,
ok,0,itoyorifutures-numNodes4-numCores160-totalCores160-._._examples_lcs.out-n1048576-r1-c0-s0.000002-m1.out.1667850,1667850,4,160,160,._._examples_lcs.out,1048576,1,0,0.000002,1,1,1,512,14775810142,14.775810142,14497434198,14.497434198,168718301,0.168718301,7490829495,7.490829495,36938128203,36.938128203,22.162318061,22.156981994,5592405,5592405,2796203,32096,221,10769,21366,165516215,169485,150247487,310,704,8470,84990,39444,93413952,42792807,48405974,6774,17171840,16976500,2187,2187,0,17933400,8200,49994471,3279,0,2187,2187,0,0,2,0,0,0,0,2,0,2,0,2,2,0,0,0,2,2,0,0,"(1507,569):down:1013"
ok,0,itoyorifutures-numNodes4-numCores160-totalCores160-._._examples_lcs.out-n1048576-r1-c0-s0.000002-m1.out.1667851,1667851,4,160,160,._._examples_lcs.out,1048576,1,0,0.000002,1,1,1,512,14982110476,14.982110476,14728336243,14.728336243,166140265,0.166140265,7604804122,7.604804122,37486466447,37.486466447,22.504355970999995,22.499280629999998,5592405,5592405,2796203,31780,274,417,309,162756269,84474,151359522,339,659,1623,63610,37948,97258189,44415470,50586817,6576,17959337,17758206,2187,2187,0,17933400,8200,58902707,3279,0,2187,2187,0,0,2,0,0,0,0,2,0,2,0,2,2,0,0,0,2,2,0,0,"(1507,569):down:1013"
ok,0,itoyorifutures-numNodes4-numCores160-totalCores160-._._examples_lcs.out-n1048576-r1-c0-s0.000002-m1.out.1667852,1667852,4,160,160,._._examples_lcs.out,1048576,1,0,0.000002,1,1,1,512,14694849084,14.694849084,14414863185,14.414863185,162343220,0.16234322,7387177052,7.387177052,36664065210,36.66406521,21.969216126,21.964383457,5592405,5592405,2796203,41716,645,10475,20156,159140872,155694,145693619,482,1279,8157,102199,39722,89727076,40434058,47100094,6841,15745754,15549053,2187,2187,0,17933400,8200,47485014,3279,0,2187,2187,0,0,2,0,0,0,0,2,0,2,0,2,2,0,0,0,2,2,0,0,"(1507,569):down:1013"
ok,0,itoyorifutures-numNodes4-numCores160-totalCores160-._._examples_lcs.out-n1048576-r1-c0-s0.000002-m1.out.1667868,1667868,4,160,160,._._examples_lcs.out,1048576,1,0,0.000002,1,1,1,512,14992434521,14.992434521,14608841728,14.608841728,176356641,0.176356641,7569809018,7.569809018,37351882306,37.351882306,22.359447785,22.355007387,5592405,5592405,2796203,36280,272,12914,24721,172861049,143234,159429080,384,686,9770,91050,38412,101942290,47117234,52619270,6510,18351830,18152708,1,0,1,8200,8200,169087,7,0,1,0,1,0,2,0,0,0,0,2,0,2,0,2,2,0,0,0,2,2,0,0,"(1507,569):down:1013"
ok,0,itoyorifutures-numNodes4-numCores160-totalCores160-._._examples_lcs.out-n1048576-r1-c0-s0.000002-m1.out.1667869,1667869,4,160,160,._._examples_lcs.out,1048576,1,0,0.000002,1,1,1,512,14636832698,14.636832698,14596750931,14.596750931,168975460,0.16897546,7513975513,7.513975513,36920627913,36.920627913,22.283795214999998,22.279701904,5592405,5592405,2796203,25670,383,12639,37426,165344054,189713,161220969,439,562,9694,111432,38251,104785188,48397797,54191601,6509,18505197,18308984,0,0,0,0,0,0,0,0,0,0,0,0,2,0,0,0,0,2,0,2,0,2,2,0,0,0,2,2,0,0,"(1507,569):down:1013"
ok,0,itoyorifutures-numNodes4-numCores160-totalCores160-._._examples_lcs.out-n1048576-r1-c0-s0.000002-m1.out.1667870,1667870,4,160,160,._._examples_lcs.out,1048576,1,0,0.000002,1,1,1,512,14567158894,14.567158894,14371249926,14.371249926,150741842,0.150741842,7431631606,7.431631606,36525643421,36.525643421,21.958484526999996,21.953623374000003,5592405,5592405,2796203,43809,293,10613,20455,147537542,178504,145640889,364,889,8768,73401,39273,89426142,40556194,46679380,6959,15948463,15736377,0,0,0,0,0,0,0,0,0,0,0,0,2,0,0,0,0,2,0,2,0,2,2,0,0,0,2,2,0,0,"(1507,569):down:1013"
ok,0,itoyorifutures-numNodes4-numCores160-totalCores160-._._examples_lcs.out-n1048576-r1-c0-s0.000002-m1.out.1667871,1667871,4,160,160,._._examples_lcs.out,1048576,1,0,0.000002,1,1,1,512,14697261873,14.697261873,14637124776,14.637124776,173943827,0.173943827,7536620683,7.536620683,37050541090,37.05054109,22.353279217,22.347689286,5592405,5592405,2796203,43350,1132,414,325,170540031,112432,157626100,353,712,1211,51697,38110,99307551,45732483,51396336,6461,17544125,17349800,0,0,0,0,0,0,0,0,0,0,0,0,2,0,0,0,0,2,0,2,0,2,2,0,0,0,2,2,0,0,"(1507,569):down:1013"
ok,0,itoyorifutures-numNodes4-numCores160-totalCores160-._._examples_lcs.out-n1048576-r1-c0-s0.000002-m1.out.1667872,1667872,4,160,160,._._examples_lcs.out,1048576,1,0,0.000002,1,1,1,512,14941426069,14.941426069,14578106385,14.578106385,166770452,0.166770452,7552778329,7.552778329,37244086856,37.244086856,22.302660787,22.297655166,5592405,5592405,2796203,35500,333,12477,24340,163426763,123519,161298890,338,549,9758,92132,40751,102669823,46744417,53716667,6713,17390783,17201359,1,0,1,8200,8200,202934,7,0,1,0,1,0,2,0,0,0,0,2,0,2,0,2,2,0,0,0,2,2,0,0,"(1507,569):down:1013"
ok,0,itoyorifutures-numNodes4-numCores160-totalCores160-._._examples_lcs.out-n1048576-r1-c0-s0.000002-m2.out.1667886,1667886,4,160,160,._._examples_lcs.out,1048576,1,0,0.000002,2,2,2,512,14651146640,14.65114664,14329961306,14.329961306,183474628,0.183474628,7394003981,7.394003981,36564295812,36.564295812,21.913149171999997,21.907439915,5592405,5592405,2796203,32862,267,12628,23626,179814578,184468,158665778,431,558,9868,120581,38527,102560484,46932811,53498573,6482,18615383,18432145,0,0,0,0,0,0,0,0,0,0,0,0,2,0,0,0,0,2,0,2,0,2,2,0,0,0,2,2,0,0,"(1507,569):down:1013;(1846,787):right:68"
incomplete,0,itoyorifutures-numNodes4-numCores160-totalCores160-._._examples_lcs.out-n1048576-r1-c0-s0.000002-m2.out.1667887,1667887,4,160,160,._._examples_lcs.out,1048576,1,0,0.000002,2,0,,,,,,,,,,,,,,,,,,,,,,,,,,,,,,,,,,,,,,,,,,,,,,,,,,,,,,,,,,,,,,,,,,
ok,0,itoyorifutures-numNodes4-numCores160-totalCores160-._._examples_lcs.out-n1048576-r1-c0-s0.000002-m2.out.1667888,1667888,4,160,160,._._examples_lcs.out,1048576,1,0,0.000002,2,2,2,512,14445808358,14.445808358,14241408034,14.241408034,159018264,0.159018264,7380263768,7.380263768,36230618520,36.23061852,21.784810162,21.780690066000002,5592405,5592405,2796203,37998,274,316,300,155818048,114057,155186895,673,748,1658,58337,39037,94378841,43481570,48736999,7013,17974061,17773003,0,0,0,0,0,0,0,0,0,0,0,0,2,0,0,0,0,2,0,2,0,2,2,0,0,0,2,2,0,0,"(1507,569):down:1013;(1846,787):right:68"
ok,0,itoyorifutures-numNodes4-numCores160-totalCores160-._._examples_lcs.out-n1048576-r1-c0-s0.000002-m2.out.1667889,1667889,4,160,160,._._examples_lcs.out,1048576,1,0,0.000002,2,2,2,512,14913320553,14.913320553,14613593155,14.613593155,174112522,0.174112522,7608329133,7.608329133,37313838465,37.313838465,22.400517912000005,22.39603481,5592405,5592405,2796203,35784,295,12344,25105,170564972,176845,164464460,422,593,9591,115186,38353,102373199,47118974,53041279,6753,18915616,18713235,0,0,0,0,0,0,0,0,0,0,0,0,2,0,0,0,0,2,0,2,0,2,2,0,0,0,2,2,0,0,"(1507,569):down:1013;(1846,787):right:68"
ok,0,itoyorifutures-numNodes4-numCores160-totalCores160-._._examples_lcs.out-n1048576-r1-c0-s0.000002-m2.out.1667890,1667890,4,160,160,._._examples_lcs.out,1048576,1,0,0.000002,2,2,2,512,14659220151,14.659220151,14541940259,14.541940259,167546391,0.167546391,7485221458,7.485221458,36859012315,36.859012315,22.199792164,22.194708108,5592405,5592405,2796203,36189,415,403,321,164077363,99727,158393331,638,667,1333,60950,37452,98338307,45605008,50562090,6757,19211728,18997956,1,0,1,8200,8200,123570,7,0,1,0,1,0,2,0,0,0,0,2,0,2,0,2,2,0,0,0,2,2,0,0,"(1507,569):down:1013;(1846,787):right:68"
ok,0,itoyorifutures-numNodes4-numCores160-totalCores160-._._examples_lcs.out-n1048576-r1-c0-s0.000002-m2.out.1667907,1667907,4,160,160,._._examples_lcs.out,1048576,1,0,0.000002,2,2,2,512,14645711372,14.645711372,14455267777,14.455267777,161194636,0.161194636,7413397982,7.413397982,36681340106,36.681340106,22.035628734,22.029860395,5592405,5592405,2796203,31919,247,344,300,157853085,96905,159337309,348,864,1700,83712,38838,102026217,46688882,53157348,6437,18419306,18234200,0,0,0,0,0,0,0,0,0,0,0,0,2,0,0,0,0,2,0,2,0,2,2,0,0,0,2,2,0,0,"(1507,569):down:1013;(1846,787):right:68"
ok,0,itoyorifutures-numNodes4-numCores160-totalCores160-._._examples_lcs.out-n1048576-r1-c0-s0.000002-m2.out.1667909,1667909,4,160,160,._._examples_lcs.out,1048576,1,0,0.000002,2,2,2,512,15043081520,15.04308152,14870277298,14.870277298,192380882,0.192380882,7557843791,7.557843791,37668825421,37.668825421,22.625743901,22.620501971,5592405,5592405,2796203,37496,340,10392,21082,188769880,175131,153713531,439,757,9606,103521,37456,97678236,45152937,50330780,6407,17745302,17547154,2187,2187,0,17933400,8200,57632469,3279,0,2187,2187,0,0,2,0,0,0,0,2,0,2,0,2,2,0,0,0,2,2,0,0,"(1507,569):down:1013;(1846,787):right:68"
ok,0,itoyorifutures-numNodes4-numCores160-totalCores160-._._examples_lcs.out-n1048576-r1-c0-s0.000002-m2.out.1667910,1667910,4,160,160,._._examples_lcs.out,1048576,1,0,0.000002,2,2,2,512,14691456697,14.691456697,14405085927,14.405085927,166326771,0.166326771,7488421733,7.488421733,36755506348,36.755506348,22.064049650999998,22.059834431,5592405,5592405,2796203,32375,252,10385,19431,163022138,181960,149660167,542,1410,9488,101141,39359,91117033,41419150,47507415,7692,18016947,17793389,2187,2187,0,17933400,8200,51823315,3279,0,2187,2187,0,0,2,0,0,0,0,2,0,2,0,2,2,0,0,0,2,2,0,0,"(1507,569):down:1013;(1846,787):right:68"
ok,0,itoyorifutures-numNodes4-numCores160-totalCores160-._._examples_lcs.out-n1048576-r1-c0-s0.000002-m3.out.1667938,1667938,4,160,160,._._examples_lcs.out,1048576,1,0,0.000002,3,2,3,512,14749457595,14.749457595,14530247379,14.530247379,161353620,0.16135362,7504184321,7.504184321,36950589410,36.95058941,22.201131814999997,22.19578532,5592405,5592405,2796203,38431,582,12139,23266,157972028,152507,158806994,347,782,9628,84134,40464,100667741,45851393,52639895,6604,16789111,16603565,2187,2187,0,17933400,8200,54619781,3279,0,2187,2187,0,0,2,0,0,0,0,2,0,2,0,2,2,0,0,0,2,2,0,0,"(1507,569):down:1013;(1846,787):right:68"
ok,0,itoyorifutures-numNodes4-numCores160-totalCores160-._._examples_lcs.out-n1048576-r1-c0-s0.000002-m3.out.1667941,1667941,4,160,160,._._examples_lcs.out,1048576,1,0,0.000002,3,2,3,512,14671978389,14.671978389,14361774445,14.361774445,151402094,0.151402094,7395554265,7.395554265,36585007145,36.585007145,21.913028756,21.908730804,5592405,5592405,2796203,35559,354,520,311,148290463,82782,141193574,357,1154,1832,67171,38562,86886742,38965497,45778469,6849,16273281,16076386,2187,2187,0,17933400,8200,52500089,3279,0,2187,2187,0,0,2,0,0,0,0,2,0,2,0,2,2,0,0,0,2,2,0,0,"(1507,569):down:1013;(1846,787):right:68"
ok,0,itoyorifutures-numNodes4-numCores160-totalCores160-._._examples_lcs.out-n1048576-r1-c0-s0.000002-m3.out.1667942,1667942,4,160,160,._._examples_lcs.out,1048576,1,0,0.000002,3,2,3,512,14732032380,14.73203238,14443641470,14.44364147,148467775,0.148467775,7487353644,7.487353644,36816480236,36.816480236,22.084447855999997,22.079462889,5592405,5592405,2796203,27429,244,10654,20246,145347403,110757,146629200,346,600,8391,78594,39829,91115822,40787510,48118150,6936,16430557,16227328,1,0,1,8200,8200,144254,7,0,1,0,1,0,2,0,0,0,0,2,0,2,0,2,2,0,0,0,2,2,0,0,"(1507,569):down:1013;(1846,787):right:68"
ok,0,itoyorifutures-numNodes4-numCores160-totalCores160-._._examples_lcs.out-n1048576-r1-c0-s0.000002-m4.out.1667963,1667963,4,160,160,._._examples_lcs.out,1048576,1,0,0.000002,4,2,4,512,14934824079,14.934824079,14722260324,14.722260324,173366947,0.173366947,7528225558,7.528225558,37364283136,37.364283136,22.429459056999995,22.423852829,5592405,5592405,2796203,36470,622,11969,23057,169911644,169877,159637930,380,899,10508,92201,38922,104045836,47863930,54030397,6545,18321522,18131366,2187,2187,0,17933400,8200,58432948,3279,0,2187,2187,0,0,2,0,0,0,0,2,0,2,0,2,2,0,0,0,2,2,0,0,"(1507,569):down:1013;(1846,787):right:68"
ok,0,itoyorifutures-numNodes4-numCores160-totalCores160-._._examples_lcs.out-n1048576-r1-c0-s0.000002-m4.out.1667964,1667964,4,160,160,._._examples_lcs.out,1048576,1,0,0.000002,4,2,4,512,14746883540,14.74688354,14505819013,14.505819013,155211824,0.155211824,7478265507,7.478265507,36891432258,36.891432258,22.144548718000003,22.139296344,5592405,5592405,2796203,31330,296,10556,20848,152031907,159043,154969751,302,598,9142,85058,41002,94702995,43578979,48865543,6989,17249346,17052159,2187,2187,0,17933400,8200,53331105,3279,0,2187,2187,0,0,2,0,0,0,0,2,0,2,0,2,2,0,0,0,2,2,0,0,"(1507,569):down:1013;(1846,787):right:68"
ok,0,itoyorifutures-numNodes4-numCores160-totalCores160-._._examples_lcs.out-n1048576-r1-c0-s0.000002-m4.out.1667965,1667965,4,160,160,._._examples_lcs.out,1048576,1,0,0.000002,4,2,4,512,14484962170,14.48496217,14376491596,14.376491596,163026609,0.163026609,7379616253,7.379616253,36408020069,36.408020069,21.923057899000003,21.919134458,5592405,5592405,2796203,34094,275,10049,19724,159833656,169926,147635320,350,620,8505,102871,38624,91203001,41244331,47802601,6941,17334518,17131212,2187,2187,0,17933400,8200,54198228,3279,0,2187,2187,0,0,2,0,0,0,0,2,0,2,0,2,2,0,0,0,2,2,0,0,"(1507,569):down:1013;(1846,787):right:68"
ok,0,itoyorifutures-numNodes4-numCores160-totalCores160-._._examples_lcs.out-n1048576-r1-c0-s0.000002-m4.out.1667966,1667966,4,160,160,._._examples_lcs.out,1048576,1,0,0.000002,4,2,4,512,15135129164,15.135129164,14758090109,14.758090109,168379831,0.168379831,7566482181,7.566482181,37632329094,37.632329094,22.49719993,22.492952121,5592405,5592405,2796203,36088,265,12418,24544,164844557,208459,151620974,401,825,13227,124251,37077,93463711,43384671,47847619,6331,17522332,17320265,0,0,0,0,0,0,0,0,0,0,0,0,2,0,0,0,0,2,0,2,0,2,2,0,0,0,2,2,0,0,"(1507,569):down:1013;(1846,787):right:68"
incomplete,0,itoyorifutures-numNodes4-numCores160-totalCores160-._._examples_lcs.out-n1048576-r1-c0-s0.000002-m4.out.1667967,1667967,4,160,160,._._examples_lcs.out,1048576,1,0,0.000002,4,0,,,,,,,,,,,,,,,,,,,,,,,,,,,,,,,,,,,,,,,,,,,,,,,,,,,,,,,,,,,,,,,,,,
ok,0,itoyorifutures-numNodes4-numCores160-totalCores160-._._examples_lcs.out-n1048576-r1-c0-s0.000002-m4.out.1667992,1667992,4,160,160,._._examples_lcs.out,1048576,1,0,0.000002,4,2,4,512,14723150936,14.723150936,14491833384,14.491833384,155261114,0.155261114,7494185719,7.494185719,36869754033,36.869754033,22.146603097,22.141280217,5592405,5592405,2796203,32134,341,10682,20835,152026436,147904,140797520,407,633,8574,108825,39825,89851193,40695895,46908554,6874,16432526,16239592,2187,2187,0,17933400,8200,55097071,3279,0,2187,2187,0,0,2,0,0,0,0,2,0,2,0,2,2,0,0,0,2,2,0,0,"(1507,569):down:1013;(1846,787):right:68"
ok,0,itoyorifutures-numNodes4-numCores160-totalCores160-._._examples_lcs.out-n1048576-r1-c0-s0.000002-m4.out.1667993,1667993,4,160,160,._._examples_lcs.out,1048576,1,0,0.000002,4,2,4,512,15151908016,15.151908016,14796892121,14.796892121,171015278,0.171015278,7659370266,7.659370266,37783320856,37.783320856,22.631412840000003,22.627277665,5592405,5592405,2796203,31931,610,20953,21107,167527854,119729,158419538,437,802,9702,96271,37602,104602724,48274482,54107545,6964,19735429,19520321,2187,2187,0,17933400,8200,55429796,3279,0,2187,2187,0,0,2,0,0,0,0,2,0,2,0,2,2,0,0,0,2,2,0,0,"(1507,569):down:1013;(1846,787):right:68"
ok,0,itoyorifutures-numNodes4-numCores160-totalCores160-._._examples_lcs.out-n1048576-r1-c0-s0.000002-m4.out.1667994,1667994,4,160,160,._._examples_lcs.out,1048576,1,0,0.000002,4,2,4,512,14535524477,14.535524477,14309610510,14.30961051,171906290,0.17190629,7470627024,7.470627024,36491590298,36.491590298,21.956065821,21.952143824,5592405,5592405,2796203,31595,248,11006,21195,168620267,137893,151667439,402,732,8454,89355,38901,98388745,45297846,50910921,6828,17737031,17531469,2187,2187,0,17933400,8200,52469809,3279,0,2187,2187,0,0,2,0,0,0,0,2,0,2,0,2,2,0,0,0,2,2,0,0,"(1507,569):down:1013;(1846,787):right:68"
ok,0,itoyorifutures-numNodes4-numCores160-totalCores160-._._examples_lcs.out-n1048576-r1-c0-s0.000002-m4.out.1667995,1667995,4,160,160,._._examples_lcs.out,1048576,1,0,0.000002,4,2,4,512,14638464081,14.638464081,14464825035,14.464825035,154436311,0.154436311,7496387544,7.496387544,36759479216,36.759479216,22.121015135,22.11564889,5592405,5592405,2796203,31161,407,10654,21363,151237867,154134,147019108,399,625,8059,96627,39423,92074143,42053474,47846186,6786,16476002,16283113,2187,2187,0,17933400,8200,51735192,3279,0,2187,2187,0,0,2,0,0,0,0,2,0,2,0,2,2,0,0,0,2,2,0,0,"(1507,569):down:1013;(1846,787):right:68"
ok,0,itoyorifutures-numNodes4-numCores160-totalCores160-._._examples_lcs.out-n1048576-r1-c0-s0.000002-m4.out.1667996,1667996,4,160,160,._._examples_lcs.out,1048576,1,0,0.000002,4,2,4,512,14926672748,14.926672748,14769193750,14.76919375,174485477,0.174485477,7645698002,7.645698002,37520479535,37.520479535,22.593806787,22.589377229,5592405,5592405,2796203,43576,307,10556,21082,170939667,161057,166168155,348,666,8693,101987,40540,105754063,48013940,55507323,6680,18209609,18011334,0,0,0,0,0,0,0,0,0,0,0,0,2,0,0,0,0,2,0,2,0,2,2,0,0,0,2,2,0,0,"(1507,569):down:1013;(1846,787):right:68"
ok,0,itoyorifutures-numNodes4-numCores160-totalCores160-._._examples_lcs.out-n1048576-r1-c0-s0.000006-m3.out.1668056,1668056,4,160,160,._._examples_lcs.out,1048576,1,0,0.000006,3,3,3,512,14594545680,14.59454568,14283970549,14.283970549,167024003,0.167024003,11038564215,11.038564215,40088306509,40.088306509,25.493760829,25.489558767,5592405,5592405,4194304,32776,228,12090,23321,163585535,157618,242290006,139,277,519,1099,57868,154744973,71386732,80137069,9806,27242056,26954455,2,0,2,16400,8200,2461180,14,0,2,0,2,0,1,0,0,0,0,3,0,3,0,3,3,0,0,0,1,3,0,0,"(65,1740):down:739;(331,1012):down:864;(337,1009):down:837"
ok,0,itoyorifutures-numNodes4-numCores160-totalCores160-._._examples_lcs.out-n1048576-r1-c0-s0.000006-m3.out.1668057,1668057,4,160,160,._._examples_lcs.out,1048576,1,0,0.000006,3,3,3,512,14687420092,14.687420092,14493508866,14.493508866,162891700,0.1628917,11067200372,11.067200372,40415292259,40.415292259,25.727872166999997,25.723600938,5592405,5592405,4194304,38656,230,343,307,159594719,110509,237458826,327,240,506,1468,59101,149835391,68129905,78480965,9680,25805917,25534309,0,0,0,0,0,0,0,0,0,0,0,0,1,0,0,0,0,3,0,3,0,3,3,0,0,0,1,3,0,0,"(331,1012):down:864;(337,1009):down:837;(65,1740):down:739"
ok,0,itoyorifutures-numNodes4-numCores160-totalCores160-._._examples_lcs.out-n1048576-r1-c0-s0.000006-m3.out.1668058,1668058,4,160,160,._._examples_lcs.out,1048576,1,0,0.000006,3,3,3,512,14646846960,14.64684696,14328901236,14.328901236,167032338,0.167032338,11021282934,11.021282934,40169860967,40.169860967,25.523014007,25.517216508,5592405,5592405,4194304,31367,276,12225,23445,163526313,182044,227759300,180,245,443,841,57012,146620403,67407597,75997612,9214,25466236,25190509,1,0,1,8200,8200,150289,7,0,1,0,1,0,1,0,0,0,0,3,0,3,0,3,3,0,0,0,1,3,0,0,"(65,1740):down:739;(337,1009):down:837;(331,1012):down:864"
ok,0,itoyorifutures-numNodes4-numCores160-totalCores160-._._examples_lcs.out-n1048576-r1-c0-s0.000006-m3.out.1668059,1668059,4,160,160,._._examples_lcs.out,1048576,1,0,0.000006,3,3,3,512,14768794701,14.768794701,14581327012,14.581327012,148193382,0.148193382,11040268380,11.04026838,40543658714,40.543658714,25.774864013000006,25.769788774,5592405,5592405,4194304,26824,316,307,298,145172921,87953,225401177,142,246,409,790,60731,133441277,60667223,69419570,9821,22897583,22620784,2187,2187,0,17933400,8200,50688014,3279,0,2187,2187,0,0,1,0,0,0,0,3,0,3,0,3,3,0,0,0,1,3,0,0,"(65,1740):down:739;(331,1012):down:864;(337,1009):down:837"
incomplete,0,itoyorifutures-numNodes4-numCores160-totalCores160-._._examples_lcs.out-n1048576-r1-c0-s0.000006-m3.out.1668060,1668060,4,160,160,._._examples_lcs.out,1048576,1,0,0.000006,3,0,,,,,,,,,,,,,,,,,,,,,,,,,,,,,,,,,,,,,,,,,,,,,,,,,,,,,,,,,,,,,,,,,,
incomplete,0,itoyorifutures-numNodes4-numCores160-totalCores160-._._examples_lcs.out-n1048576-r1-c0-s0.000006-m3.out.1668076,1668076,4,160,160,._._examples_lcs.out,1048576,1,0,0.000006,3,0,,,,,,,,,,,,,,,,,,,,,,,,,,,,,,,,,,,,,,,,,,,,,,,,,,,,,,,,,,,,,,,,,,
ok,0,itoyorifutures-numNodes4-numCores160-totalCores160-._._examples_lcs.out-n1048576-r1-c0-s0.000006-m3.out.1668077,1668077,4,160,160,._._examples_lcs.out,1048576,1,0,0.000006,3,3,3,512,14976415960,14.97641596,14666570485,14.666570485,160955281,0.160955281,11106713934,11.106713934,40916464850,40.91646485,25.940048889999996,25.9342397,5592405,5592405,4194304,36850,242,12222,23315,157549741,161031,243422599,535,250,497,1190,60093,145389713,65850378,76292025,9361,24863257,24600008,2187,2187,0,17933400,8200,54385670,3279,0,2187,2187,0,0,1,0,0,0,0,3,0,3,0,3,3,0,0,0,1,3,0,0,"(65,1740):down:739;(331,1012):down:864;(337,1009):down:837"
ok,0,itoyorifutures-numNodes4-numCores160-totalCores160-._._examples_lcs.out-n1048576-r1-c0-s0.000006-m3.out.1668078,1668078,4,160,160,._._examples_lcs.out,1048576,1,0,0.000006,3,3,3,512,14798531592,14.798531592,14485672782,14.485672782,165722522,0.165722522,11191943936,11.191943936,40646014873,40.646014873,25.847483281,25.84333924,5592405,5592405,4194304,39615,238,10225,20007,162439240,186113,225323147,243,264,447,1049,57100,140113782,63615918,73167760,9836,24599219,24301644,1,0,1,8200,8200,6358,7,0,1,0,1,0,1,0,0,0,0,3,0,3,0,3,3,0,0,0,1,3,0,0,"(65,1740):down:739;(331,1012):down:864;(337,1009):down:837"
ok,0,itoyorifutures-numNodes4-numCores160-totalCores160-._._examples_lcs.out-n1048576-r1-c0-s0.000006-m3.out.1668079,1668079,4,160,160,._._examples_lcs.out,1048576,1,0,0.000006,3,3,3,512,14686668797,14.686668797,14443020999,14.443020999,163677873,0.163677873,11096388243,11.096388243,40395477786,40.395477786,25.708808989,25.703087115,5592405,5592405,4194304,41261,350,14078,26666,160054864,182131,248769505,105,232,391,945,59388,155880196,70792137,81836963,9515,26196762,25926068,0,0,0,0,0,0,0,0,0,0,0,0,1,0,0,0,0,3,0,3,0,3,3,0,0,0,1,3,0,0,"(65,1740):down:739;(337,1009):down:837;(331,1012):down:864"
ok,0,itoyorifutures-numNodes4-numCores160-totalCores160-._._examples_lcs.out-n1048576-r1-c0-s0.000006-m3.out.1668080,1668080,4,160,160,._._examples_lcs.out,1048576,1,0,0.000006,3,3,3,512,14786788439,14.786788439,14464805761,14.464805761,153376963,0.153376963,11044704444,11.044704444,40454583156,40.454583156,25.667794717,25.662887167999997,5592405,5592405,4194304,37082,276,11182,21431,150128648,175359,212886182,220,341,691,1654,57773,129438083,58186644,67948364,9873,23069137,22777253,2187,2187,0,17933400,8200,52325960,3279,0,2187,2187,0,0,1,0,0,0,0,3,0,3,0,3,3,0,0,0,1,3,0,0,"(65,1740):down:739;(331,1012):down:864;(337,1009):down:837"
ok,0,itoyorifutures-numNodes4-numCores160-totalCores160-._._examples_lcs.out-n1048576-r1-c0-s0.000006-m3.out.1668138,1668138,4,160,160,._._examples_lcs.out,1048576,1,0,0.000006,3,3,3,512,14882357526,14.882357526,14396828370,14.39682837,165504267,0.165504267,11092993998,11.092993998,40542728959,40.542728959,25.660371433,25.655326635,5592405,5592405,4194304,35519,343,12126,24640,161953345,189705,236029025,223,271,424,910,55851,154422117,70354647,80870186,9202,26383212,26103432,2187,2187,0,17933400,8200,60560533,3279,0,2187,2187,0,0,1,0,0,0,0,3,0,3,0,3,3,0,0,0,1,3,0,0,"(65,1740):down:739;(331,1012):down:864;(337,1009):down:837"
ok,0,itoyorifutures-numNodes4-numCores160-totalCores160-._._examples_lcs.out-n1048576-r1-c0-s0.000006-m3.out.1668139,1668139,4,160,160,._._examples_lcs.out,1048576,1,0,0.000006,3,3,3,512,14548848378,14.548848378,14321692783,14.321692783,149368612,0.149368612,10963603920,10.96360392,39988252224,39.988252224,25.439403845999998,25.434665315,5592405,5592405,4194304,32491,415,10562,20060,146315023,178581,212707405,156,306,450,897,59699,126558413,56670932,66605177,10054,22115502,21828265,2187,2187,0,17933400,8200,49831839,3279,0,2187,2187,0,0,1,0,0,0,0,3,0,3,0,3,3,0,0,0,1,3,0,0,"(65,1740):down:739;(331,1012):down:864;(337,1009):down:837"
ok,0,itoyorifutures-numNodes4-numCores160-totalCores160-._._examples_lcs.out-n1048576-r1-c0-s0.000006-m3.out.1668141,1668141,4,160,160,._._examples_lcs.out,1048576,1,0,0.000006,3,3,3,512,14780260514,14.780260514,14600717019,14.600717019,147120076,0.147120076,11204415270,11.20441527,40736661169,40.736661169,25.956400655000003,25.952252365,5592405,5592405,4194304,40860,270,447,295,144110180,88450,216933857,159,385,512,1045,59309,133513889,59651956,70441617,10361,23587420,23283118,2187,2187,0,17933400,8200,48356385,3279,0,2187,2187,0,0,1,0,0,0,0,3,0,3,0,3,3,0,0,0,1,3,0,0,"(65,1740):down:739;(331,1012):down:864;(337,1009):down:837"
ok,0,itoyorifutures-numNodes4-numCores160-totalCores160-._._examples_lcs.out-n1048576-r1-c0-s0.000006-m4.out.1668159,1668159,4,160,160,._._examples_lcs.out,1048576,1,0,0.000006,4,4,4,512,14419565211,14.419565211,13983989154,13.983989154,134342068,0.134342068,14035355830,14.03535583,42577289435,42.577289435,28.157724224,28.153687052000002,5592405,5592405,5592405,31046,263,10590,19879,131360398,158767,258671201,260,236,549,1368,78008,158071191,69629310,84114909,10796,24359977,24048439,0,0,0,0,0,0,0,0,0,0,0,0,0,0,0,0,0,4,0,4,0,4,4,0,0,0,0,4,0,0,"(437,152):down:671;(65,1740):down:739;(331,1012):down:864;(337,1009):down:837"
ok,0,itoyorifutures-numNodes4-numCores160-totalCores160-._._examples_lcs.out-n1048576-r1-c0-s0.000006-m4.out.1668161,1668161,4,160,160,._._examples_lcs.out,1048576,1,0,0.000006,4,4,4,512,14391907924,14.391907924,14269312923,14.269312923,157005124,0.157005124,14262037639,14.262037639,43084614588,43.084614588,28.692706664,28.688355686,5592405,5592405,5592405,37071,279,10773,20508,153699068,178662,287873383,133,213,414,1138,77707,178910280,79386906,95255096,10564,27110603,26802256,2187,2187,0,17933400,8200,52500917,3279,0,2187,2187,0,0,0,0,0,0,0,4,0,4,0,4,4,0,0,0,0,4,0,0,"(437,152):down:671;(65,1740):down:739;(331,1012):down:864;(337,1009):down:837"
ok,0,itoyorifutures-numNodes4-numCores160-totalCores160-._._examples_lcs.out-n1048576-r1-c0-s0.000006-m4.out.1668162,1668162,4,160,160,._._examples_lcs.out,1048576,1,0,0.000006,4,4,4,512,14494130501,14.494130501,14165896564,14.165896564,137809547,0.137809547,14335394602,14.335394602,43137383091,43.137383091,28.643252589999996,28.639100712999998,5592405,5592405,5592405,34858,258,10742,20484,134736312,167767,273641577,196,227,462,899,81071,164903855,73476486,87008578,11341,26085315,25773200,0,0,0,0,0,0,0,0,0,0,0,0,0,0,0,0,0,4,0,4,0,4,4,0,0,0,0,4,0,0,"(437,152):down:671;(65,1740):down:739;(331,1012):down:864;(337,1009):down:837"
incomplete,0,itoyorifutures-numNodes4-numCores160-totalCores160-._._examples_lcs.out-n1048576-r1-c0-s0.000006-m5.out.1668016,1668016,4,160,160,._._examples_lcs.out,1048576,1,0,0.000006,5,0,,,,,,,,,,,,,,,,,,,,,,,,,,,,,,,,,,,,,,,,,,,,,,,,,,,,,,,,,,,,,,,,,,
ok,0,itoyorifutures-numNodes4-numCores160-totalCores160-._._examples_lcs.out-n1048576-r1-c0-s0.000006-m5.out.1668017,1668017,4,160,160,._._examples_lcs.out,1048576,1,0,0.000006,5,5,5,512,15042709973,15.042709973,14772610417,14.772610417,152537177,0.152537177,14795984756,14.795984756,44768315246,44.768315246,29.725605273,29.721132349999998,5592405,5592405,5592405,37119,274,322,291,149234546,105612,299471074,164,859,727,1623,81414,189571891,84418644,100661895,10559,27845354,27540595,2,0,2,16400,8200,202786,14,0,2,0,2,0,0,0,0,0,0,4,0,4,0,4,4,0,0,0,0,4,0,0,"(437,152):down:671;(65,1740):down:739;(331,1012):down:864;(812,552):down:538;(337,1009):down:837"
ok,0,itoyorifutures-numNodes4-numCores160-totalCores160-._._examples_lcs.out-n1048576-r1-c0-s0.000006-m5.out.1668018,1668018,4,160,160,._._examples_lcs.out,1048576,1,0,0.000006,5,5,5,512,14742939856,14.742939856,14499551639,14.499551639,158558553,0.158558553,14405198647,14.405198647,43811230839,43.811230839,29.068290982999997,29.063308839,5592405,5592405,5592405,36684,326,12883,24475,155080815,216613,280037493,206,280,402,1527,75822,177446635,79892085,93275893,10279,28596613,28287874,0,0,0,0,0,0,0,0,0,0,0,0,0,0,0,0,0,4,0,4,0,4,4,0,0,0,0,4,0,0,"(437,152):down:671;(65,1740):down:739;(331,1012):down:864;(337,1009):down:837;(812,552):down:538"
ok,0,itoyorifutures-numNodes4-numCores160-totalCores160-._._examples_lcs.out-n1048576-r1-c0-s0.000006-m5.out.1668019,1668019,4,160,160,._._examples_lcs.out,1048576,1,0,0.000006,5,5,5,512,15029450700,15.0294507,14806184710,14.80618471,153761080,0.15376108,14649864088,14.649864088,44644498910,44.64449891,29.615048210000005,29.609809878,5592405,5592405,5592405,32889,278,12478,24257,150405928,188107,288569734,148,274,688,796,73805,173417583,77865656,91092212,10444,27470990,27153283,1,0,1,8200,8200,180325,7,0,1,0,1,0,0,0,0,0,0,4,0,4,0,4,4,0,0,0,0,4,0,0,"(437,152):down:671;(65,1740):down:739;(331,1012):down:864;(337,1009):down:837;(812,552):down:538"
ok,0,itoyorifutures-numNodes4-numCores160-totalCores160-._._examples_lcs.out-n1048576-r1-c0-s0.000006-m5.out.1668020,1668020,4,160,160,._._examples_lcs.out,1048576,1,0,0.000006,5,5,5,512,14680652603,14.680652603,14362832263,14.362832263,152667145,0.152667145,14370493027,14.370493027,43572181572,43.572181572,28.891528969,28.885992435,5592405,5592405,5592405,37101,240,19223,24993,149340895,184004,307703574,230,270,381,699,78020,189562966,85284348,100052363,10935,30345939,30035857,0,0,0,0,0,0,0,0,0,0,0,0,0,0,0,0,0,4,0,4,0,4,4,0,0,0,0,4,0,0,"(437,152):down:671;(331,1012):down:864;(337,1009):down:837;(65,1740):down:739;(812,552):down:538"
ok,0,itoyorifutures-numNodes4-numCores160-totalCores160-._._examples_lcs.out-n1048576-r1-c0-s0.000006-m5.out.1668036,1668036,4,160,160,._._examples_lcs.out,1048576,1,0,0.000006,5,5,5,512,14573550588,14.573550588,14476191692,14.476191692,158966668,0.158966668,14275684176,14.275684176,43490333771,43.490333771,28.916783183000003,28.910842536,5592405,5592405,5592405,28811,231,12338,24692,155638888,186727,284164436,221,236,509,919,76590,181600976,80769952,96521187,9799,27108165,26823349,0,0,0,0,0,0,0,0,0,0,0,0,0,0,0,0,0,4,0,4,0,4,4,0,0,0,0,4,0,0,"(437,152):down:671;(331,1012):down:864;(337,1009):down:837;(65,1740):down:739;(812,552):down:538"
ok,0,itoyorifutures-numNodes4-numCores160-totalCores160-._._examples_lcs.out-n1048576-r1-c0-s0.000006-m5.out.1668037,1668037,4,160,160,._._examples_lcs.out,1048576,1,0,0.000006,5,5,5,512,14760382779,14.760382779,14411717391,14.411717391,159567278,0.159567278,14508678114,14.508678114,43846244853,43.846244853,29.085862074,29.079962783,5592405,5592405,5592405,48312,365,12431,23757,156195042,173778,296886998,130,259,410,777,76971,182519526,82439050,95717840,10806,29114423,28800883,1,0,1,8200,8200,131236,7,0,1,0,1,0,0,0,0,0,0,4,0,4,0,4,4,0,0,0,0,4,0,0,"(437,152):down:671;(65,1740):down:739;(337,1009):down:837;(331,1012):down:864;(812,552):down:538"
ok,0,itoyorifutures-numNodes4-numCores160-totalCores160-._._examples_lcs.out-n1048576-r1-c0-s0.000006-m5.out.1668038,1668038,4,160,160,._._examples_lcs.out,1048576,1,0,0.000006,5,5,5,512,14680137576,14.680137576,14379374109,14.379374109,137670312,0.137670312,14520310252,14.520310252,43723248558,43.723248558,29.043110982,29.037354673,5592405,5592405,5592405,34398,225,11241,21442,134524724,163128,273393396,143,421,390,834,79057,168911002,75007150,89393948,10820,26255837,25933669,1,0,1,8200,8200,191269,7,0,1,0,1,0,0,0,0,0,0,4,0,4,0,4,4,0,0,0,0,4,0,0,"(437,152):down:671;(65,1740):down:739;(812,552):down:538;(337,1009):down:837;(331,1012):down:864"
ok,0,itoyorifutures-numNodes4-numCores160-totalCores160-._._examples_lcs.out-n1048576-r1-c0-s0.000006-m5.out.1668039,1668039,4,160,160,._._examples_lcs.out,1048576,1,0,0.000006,5,5,5,512,14714301298,14.714301298,14547665855,14.547665855,153062786,0.153062786,14383675777,14.383675777,43803064931,43.803064931,29.088763633,29.084404418,5592405,5592405,5592405,33544,275,384,300,149856403,96547,286736084,126,324,453,704,75855,182597309,81560837,96743315,10260,28583161,28280571,0,0,0,0,0,0,0,0,0,0,0,0,0,0,0,0,0,4,0,4,0,4,4,0,0,0,0,4,0,0,"(437,152):down:671;(65,1740):down:739;(331,1012):down:864;(337,1009):down:837;(812,552):down:538"
ok,0,itoyorifutures-numNodes4-numCores160-totalCores160-._._examples_lcs.out-n1048576-r1-c0-s0.000006-m5.out.1668040,1668040,4,160,160,._._examples_lcs.out,1048576,1,0,0.000006,5,5,5,512,15006994219,15.006994219,14788688508,14.788688508,156135919,0.156135919,14668254986,14.668254986,44624322158,44.624322158,29.617327939,29.613079413,5592405,5592405,5592405,41004,303,371,300,152906267,98540,275106056,133,271,402,943,73807,167237564,74849841,87919368,10447,27636506,27318591,1,0,1,8200,8200,129102,7,0,1,0,1,0,0,0,0,0,0,4,0,4,0,4,4,0,0,0,0,4,0,0,"(437,152):down:671;(65,1740):down:739;(331,1012):down:864;(812,552):down:538;(337,1009):down:837"
incomplete,0,itoyorifutures-numNodes4-numCores160-totalCores160-._._examples_lcs.out-n1048576-r1-c0-s0.000006-m6.out.1668096,1668096,4,160,160,._._examples_lcs.out,1048576,1,0,0.000006,6,0,,,,,,,,,,,,,,,,,,,,,,,,,,,,,,,,,,,,,,,,,,,,,,,,,,,,,,,,,,,,,,,,,,
ok,0,itoyorifutures-numNodes4-numCores160-totalCores160-._._examples_lcs.out-n1048576-r1-c0-s0.000006-m6.out.1668097,1668097,4,160,160,._._examples_lcs.out,1048576,1,0,0.000006,6,6,6,512,14419367968,14.419367968,14208164983,14.208164983,135510711,0.135510711,14271821596,14.271821596,43038708666,43.038708666,28.619340698,28.61549729,5592405,5592405,5592405,36215,264,10425,20380,132496444,155303,254336783,127,228,511,1034,78337,155682961,68359991,82935537,10420,23197530,22890977,1,0,1,8200,8200,6632,7,0,1,0,1,0,0,0,0,0,0,4,0,4,0,4,4,0,0,0,0,4,0,0,"(437,152):down:671;(65,1740):down:739;(331,1012):down:864;(337,1009):down:837;(812,552):down:538;(928,494):right:59"
ok,0,itoyorifutures-numNodes4-numCores160-totalCores160-._._examples_lcs.out-n1048576-r1-c0-s0.000006-m6.out.1668098,1668098,4,160,160,._._examples_lcs.out,1048576,1,0,0.000006,6,6,6,512,14462333941,14.462333941,14061671472,14.061671472,136234929,0.136234929,14104157269,14.104157269,42768204073,42.768204073,28.305870132,28.302063670000003,5592405,5592405,5592405,34942,258,9873,19733,133354362,131713,253771051,137,282,831,1013,80052,151687590,66815387,80522609,10451,23526815,23235183,1,0,1,8200,8200,90930,7,0,1,0,1,0,0,0,0,0,0,4,0,4,0,4,4,0,0,0,0,4,0,0,"(65,1740):down:739;(331,1012):down:864;(337,1009):down:837;(812,552):down:538;(437,152):down:671;(928,494):right:59"
ok,0,itoyorifutures-numNodes4-numCores160-totalCores160-._._examples_lcs.out-n1048576-r1-c0-s0.000006-m6.out.1668099,1668099,4,160,160,._._examples_lcs.out,1048576,1,0,0.000006,6,6,6,512,14506865283,14.506865283,14337314978,14.337314978,153426545,0.153426545,14331997116,14.331997116,43333809762,43.333809762,28.826944479,28.822738639,5592405,5592405,5592405,36828,402,13066,25348,149773017,157915,288333690,129,263,392,1189,77451,183214542,82209711,96636012,10740,28733625,28428618,1,0,1,8200,8200,116573,7,0,1,0,1,0,0,0,0,0,0,4,0,4,0,4,4,0,0,0,0,4,0,0,"(437,152):down:671;(65,1740):down:739;(331,1012):down:864;(337,1009):down:837;(812,552):down:538;(928,494):right:59"
incomplete,0,itoyorifutures-numNodes4-numCores160-totalCores160-._._examples_lcs.out-n1048576-r1-c0-s0.000006-m6.out.1668100,1668100,4,160,160,._._examples_lcs.out,1048576,1,0,0.000006,6,0,,,,,,,,,,,,,,,,,,,,,,,,,,,,,,,,,,,,,,,,,,,,,,,,,,,,,,,,,,,,,,,,,,
ok,0,itoyorifutures-numNodes4-numCores160-totalCores160-._._examples_lcs.out-n1048576-r1-c0-s0.000006-m6.out.1668116,1668116,4,160,160,._._examples_lcs.out,1048576,1,0,0.000006,6,6,6,512,14699193871,14.699193871,14391739866,14.391739866,145303781,0.145303781,14337028700,14.3370287,43579474737,43.579474737,28.880280866,28.874072347000002,5592405,5592405,5592405,33159,269,12751,24977,141868015,184865,282974806,126,271,394,734,76344,176870246,79962262,92591187,10090,27597644,27297413,1,0,1,8200,8200,6701,7,0,1,0,1,0,0,0,0,0,0,4,0,4,0,4,4,0,0,0,0,4,0,0,"(437,152):down:671;(65,1740):down:739;(331,1012):down:864;(337,1009):down:837;(812,552):down:538;(928,494):right:59"
ok,0,itoyorifutures-numNodes4-numCores160-totalCores160-._._examples_lcs.out-n1048576-r1-c0-s0.000006-m6.out.1668117,1668117,4,160,160,._._examples_lcs.out,1048576,1,0,0.000006,6,6,6,512,14640727203,14.640727203,14456649605,14.456649605,141054010,0.14105401,14339940057,14.339940057,43583443451,43.583443451,28.942716248,28.937643672,5592405,5592405,5592405,33194,307,10370,20791,137973704,151720,267447731,207,235,379,878,78790,162235161,72149356,85630681,10301,25481453,25173546,1,0,1,8200,8200,166066,7,0,1,0,1,0,0,0,0,0,0,4,0,4,0,4,4,0,0,0,0,4,0,0,"(437,152):down:671;(65,1740):down:739;(331,1012):down:864;(812,552):down:538;(337,1009):down:837;(928,494):right:59"
ok,0,itoyorifutures-numNodes4-numCores160-totalCores160-._._examples_lcs.out-n1048576-r1-c0-s0.000006-m6.out.1668118,1668118,4,160,160,._._examples_lcs.out,1048576,1,0,0.000006,6,6,6,512,14812415693,14.812415693,14759258191,14.759258191,156160322,0.156160322,14679416023,14.679416023,44412192049,44.412192049,29.599776356,29.594834536,5592405,5592405,5592405,35224,255,384,315,152937195,99369,296262264,221,331,775,788,75693,183745972,82415659,96988285,10642,28337694,28022648,1,0,1,8200,8200,211587,7,0,1,0,1,0,0,0,0,0,0,4,0,4,0,4,4,0,0,0,0,4,0,0,"(437,152):down:671;(65,1740):down:739;(331,1012):down:864;(337,1009):down:837;(812,552):down:538;(928,494):right:59"
ok,0,itoyorifutures-numNodes4-numCores160-totalCores160-._._examples_lcs.out-n1048576-r1-c0-s0.000006-m6.out.1668120,1668120,4,160,160,._._examples_lcs.out,1048576,1,0,0.000006,6,6,6,512,14847582369,14.847582369,14517238629,14.517238629,159434314,0.159434314,14575704125,14.575704125,44104988389,44.104988389,29.257406019999998,29.252377068,5592405,5592405,5592405,37507,356,14765,29346,155975136,177539,306483025,147,346,395,942,75380,192138354,87161858,100673839,11173,31906125,31576961,1,0,1,8200,8200,142584,7,0,1,0,1,0,0,0,0,0,0,4,0,4,0,4,4,0,0,0,0,4,0,0,"(437,152):down:671;(65,1740):down:739;(337,1009):down:837;(331,1012):down:864;(812,552):down:538;(928,494):right:59"
ok,0,itoyorifutures-numNodes8-numCores320-totalCores320-._._examples_lcs.out-n1048576-r1-c0-s0.000002-m1.out.1667760,1667760,8,320,320,._._examples_lcs.out,1048576,1,0,0.000002,1,1,1,512,8343225915,8.343225915,8300881446,8.300881446,196383996,0.196383996,4478865672,4.478865672,21326529480,21.32652948,12.983303565000002,12.976131114000001,5592405,5592405,2796203,38689,522,11639,22770,189584874,185397,120714407,378,621,10331,109872,19565,79062255,39831159,38135424,5773,19960338,19787080,2187,2187,0,17933400,8200,67074649,3279,0,2187,2187,0,0,2,0,0,0,0,2,0,2,0,2,2,0,0,0,2,2,0,0,"(1507,569):down:1013"
ok,0,itoyorifutures-numNodes8-numCores320-totalCores320-._._examples_lcs.out-n1048576-r1-c0-s0.000002-m1.out.1667761,1667761,8,320,320,._._examples_lcs.out,1048576,1,0,0.000002,1,1,1,512,8344840039,8.344840039,8250091738,8.250091738,195686056,0.195686056,4456852186,4.456852186,21257783051,21.257783051,12.912943012000001,12.90262998,5592405,5592405,2796203,43311,263,413,282,188967174,102300,122809501,439,688,1612,60690,19620,81396026,40825575,39492756,5393,19273662,19112447,0,0,0,0,0,0,0,0,0,0,0,0,2,0,0,0,0,2,0,2,0,2,2,0,0,0,2,2,0,0,"(1507,569):down:1013"
incomplete,0,itoyorifutures-numNodes8-numCores320-totalCores320-._._examples_lcs.out-n1048576-r1-c0-s0.000002-m1.out.1667762,1667762,8,320,320,._._examples_lcs.out,1048576,1,0,0.000002,1,0,,,,,,,,,,,,,,,,,,,,,,,,,,,,,,,,,,,,,,,,,,,,,,,,,,,,,,,,,,,,,,,,,,
incomplete,0,itoyorifutures-numNodes8-numCores320-totalCores320-._._examples_lcs.out-n1048576-r1-c0-s0.000002-m1.out.1667763,1667763,8,320,320,._._examples_lcs.out,1048576,1,0,0.000002,1,0,,,,,,,,,,,,,,,,,,,,,,,,,,,,,,,,,,,,,,,,,,,,,,,,,,,,,,,,,,,,,,,,,,
ok,0,itoyorifutures-numNodes8-numCores320-totalCores320-._._examples_lcs.out-n1048576-r1-c0-s0.000002-m1.out.1667764,1667764,8,320,320,._._examples_lcs.out,1048576,1,0,0.000002,1,1,1,512,8295152773,8.295152773,8183166626,8.183166626,194938700,0.1949387,4416778293,4.416778293,21098178147,21.098178147,12.803025373999999,12.794883619,5592405,5592405,2796203,62174,301,12249,22897,188124376,197148,120653661,515,796,10419,135063,19864,78058035,39086316,37905341,5685,19505733,19339629,1,0,1,8200,8200,8841,7,0,1,0,1,0,2,0,0,0,0,2,0,2,0,2,2,0,0,0,2,2,0,0,"(1507,569):down:1013"
ok,0,itoyorifutures-numNodes8-numCores320-totalCores320-._._examples_lcs.out-n1048576-r1-c0-s0.000002-m1.out.1667813,1667813,8,320,320,._._examples_lcs.out,1048576,1,0,0.000002,1,1,1,512,8539328811,8.539328811,8412451168,8.412451168,257037929,0.257037929,4550011463,4.550011463,21769363752,21.769363752,13.230034941,13.21950056,5592405,5592405,2796203,59438,307,13197,26308,249779955,199625,129805788,391,609,9837,125111,19612,85698997,43117667,41483407,5485,21140931,20976268,0,0,0,0,0,0,0,0,0,0,0,0,2,0,0,0,0,2,0,2,0,2,2,0,0,0,2,2,0,0,"(1507,569):down:1013"
ok,0,itoyorifutures-numNodes8-numCores320-totalCores320-._._examples_lcs.out-n1048576-r1-c0-s0.000002-m1.out.1667814,1667814,8,320,320,._._examples_lcs.out,1048576,1,0,0.000002,1,1,1,512,8311174833,8.311174833,8219816568,8.219816568,191874724,0.191874724,4412956360,4.41295636,21143571400,21.1435714,12.832396566999998,12.824647652,5592405,5592405,2796203,37868,286,11600,22964,185085401,188118,118137664,338,665,9181,104911,19612,79142659,39501993,38574116,5616,19433774,19252244,0,0,0,0,0,0,0,0,0,0,0,0,2,0,0,0,0,2,0,2,0,2,2,0,0,0,2,2,0,0,"(1507,569):down:1013"
ok,0,itoyorifutures-numNodes8-numCores320-totalCores320-._._examples_lcs.out-n1048576-r1-c0-s0.000002-m1.out.1667817,1667817,8,320,320,._._examples_lcs.out,1048576,1,0,0.000002,1,1,1,512,8517850236,8.517850236,8427407852,8.427407852,210255762,0.210255762,4533900121,4.533900121,21696401323,21.696401323,13.178551087,13.171563735,5592405,5592405,2796203,48613,353,14359,28048,202744888,181111,135839961,365,629,11037,132435,19420,88370998,44410809,42871123,5406,21362094,21200497,0,0,0,0,0,0,0,0,0,0,0,0,2,0,0,0,0,2,0,2,0,2,2,0,0,0,2,2,0,0,"(1507,569):down:1013"
ok,0,itoyorifutures-numNodes8-numCores320-totalCores320-._._examples_lcs.out-n1048576-r1-c0-s0.000002-m1.out.1667834,1667834,8,320,320,._._examples_lcs.out,1048576,1,0,0.000002,1,1,1,512,8350378729,8.350378729,8304863856,8.304863856,215373366,0.215373366,4450647538,4.450647538,21328724725,21.328724725,12.978345996,12.97088476,5592405,5592405,2796203,40323,4911,13599,26263,207896695,173616,121619119,332,829,10264,142263,18417,85680401,42855313,41776720,5501,21679415,21515883,1,0,1,8200,8200,157411,7,0,1,0,1,0,2,0,0,0,0,2,0,2,0,2,2,0,0,0,2,2,0,0,"(1507,569):down:1013"
ok,0,itoyorifutures-numNodes8-numCores320-totalCores320-._._examples_lcs.out-n1048576-r1-c0-s0.000002-m1.out.1667835,1667835,8,320,320,._._examples_lcs.out,1048576,1,0,0.000002,1,1,1,512,8437351191,8.437351191,8342228955,8.342228955,245518413,0.245518413,4512404410,4.51240441,21546483927,21.546483927,13.109132736000001,13.100151777999999,5592405,5592405,2796203,52745,373,13315,27425,238162541,188861,128051686,359,1541,11613,139710,19822,83635185,41385473,41177148,5446,20567991,20414351,0,0,0,0,0,0,0,0,0,0,0,0,2,0,0,0,0,2,0,2,0,2,2,0,0,0,2,2,0,0,"(1507,569):down:1013"
ok,0,itoyorifutures-numNodes8-numCores320-totalCores320-._._examples_lcs.out-n1048576-r1-c0-s0.000002-m1.out.1667836,1667836,8,320,320,._._examples_lcs.out,1048576,1,0,0.000002,1,1,1,512,8471514648,8.471514648,8389236170,8.38923617,204698963,0.204698963,4487848392,4.487848392,21561317663,21.561317663,13.089803015000001,13.081783525,5592405,5592405,2796203,36434,264,12951,25408,197375737,167950,124772798,417,672,9783,140569,18960,82929845,41204130,40667315,5282,20116316,19958692,0,0,0,0,0,0,0,0,0,0,0,0,2,0,0,0,0,2,0,2,0,2,2,0,0,0,2,2,0,0,"(1507,569):down:1013"
ok,0,itoyorifutures-numNodes8-numCores320-totalCores320-._._examples_lcs.out-n1048576-r1-c0-s0.000002-m1.out.1667837,1667837,8,320,320,._._examples_lcs.out,1048576,1,0,0.000002,1,1,1,512,8485288657,8.485288657,8355739021,8.355739021,207615643,0.207615643,4529108033,4.529108033,21584995210,21.58499521,13.099706552999999,13.092462697,5592405,5592405,2796203,43572,280,12858,24778,200131235,182770,125603106,457,710,11649,118118,19390,85261084,42443005,41761707,5487,20708066,20538345,0,0,0,0,0,0,0,0,0,0,0,0,2,0,0,0,0,2,0,2,0,2,2,0,0,0,2,2,0,0,"(1507,569):down:1013"
ok,0,itoyorifutures-numNodes8-numCores320-totalCores320-._._examples_lcs.out-n1048576-r1-c0-s0.000002-m1.out.1667853,1667853,8,320,320,._._examples_lcs.out,1048576,1,0,0.000002,1,1,1,512,8587986782,8.587986782,8488183175,8.488183175,221104292,0.221104292,4577420583,4.577420583,21884216618,21.884216618,13.296229836,13.28670805,5592405,5592405,2796203,40427,279,12082,24114,213746382,160614,124963778,411,647,9415,130142,19120,83777193,42137583,40534627,5638,21271945,21071892,2187,2187,0,17933400,8200,71227913,3279,0,2187,2187,0,0,2,0,0,0,0,2,0,2,0,2,2,0,0,0,2,2,0,0,"(1507,569):down:1013"
ok,0,itoyorifutures-numNodes8-numCores320-totalCores320-._._examples_lcs.out-n1048576-r1-c0-s0.000002-m1.out.1667854,1667854,8,320,320,._._examples_lcs.out,1048576,1,0,0.000002,1,1,1,512,8466233219,8.466233219,8418082014,8.418082014,193123436,0.193123436,4479077324,4.479077324,21562913567,21.562913567,13.096680348,13.090282774,5592405,5592405,2796203,60369,295,12192,23165,186287513,184815,117071335,342,626,9571,115534,19297,76564072,37905910,37587018,5440,18939627,18776813,0,0,0,0,0,0,0,0,0,0,0,0,2,0,0,0,0,2,0,2,0,2,2,0,0,0,2,2,0,0,"(1507,569):down:1013"
ok,0,itoyorifutures-numNodes8-numCores320-totalCores320-._._examples_lcs.out-n1048576-r1-c0-s0.000002-m1.out.1667855,1667855,8,320,320,._._examples_lcs.out,1048576,1,0,0.000002,1,1,1,512,8613465214,8.613465214,8531141924,8.531141924,259854110,0.25985411,4577815486,4.577815486,21992994408,21.992994408,13.379529194000002,13.36881152,5592405,5592405,2796203,37718,308,13392,25785,252368974,206687,122252395,367,750,11127,132296,19236,83740416,41796242,40850907,5613,21042597,20870826,0,0,0,0,0,0,0,0,0,0,0,0,2,0,0,0,0,2,0,2,0,2,2,0,0,0,2,2,0,0,"(1507,569):down:1013"
incomplete,0,itoyorifutures-numNodes8-numCores320-totalCores320-._._examples_lcs.out-n1048576-r1-c0-s0.000002-m1.out.1667856,1667856,8,320,320,._._examples_lcs.out,1048576,1,0,0.000002,1,0,,,,,,,,,,,,,,,,,,,,,,,,,,,,,,,,,,,,,,,,,,,,,,,,,,,,,,,,,,,,,,,,,,
ok,0,itoyorifutures-numNodes8-numCores320-totalCores320-._._examples_lcs.out-n1048576-r1-c0-s0.000002-m1.out.1667857,1667857,8,320,320,._._examples_lcs.out,1048576,1,0,0.000002,1,1,1,512,8577323286,8.577323286,8437517683,8.437517683,212232940,0.21223294,4541713625,4.541713625,21778030978,21.778030978,13.200707692,13.191464247999999,5592405,5592405,2796203,54135,243,13895,27162,204801757,178822,128276342,515,1091,10452,127911,19687,87035739,43403375,42533982,5488,20767656,20602901,2187,2187,0,17933400,8200,71650309,3279,0,2187,2187,0,0,2,0,0,0,0,2,0,2,0,2,2,0,0,0,2,2,0,0,"(1507,569):down:1013"
ok,0,itoyorifutures-numNodes8-numCores320-totalCores320-._._examples_lcs.out-n1048576-r1-c0-s0.000002-m1.out.1667873,1667873,8,320,320,._._examples_lcs.out,1048576,1,0,0.000002,1,1,1,512,8390183059,8.390183059,8298343185,8.298343185,194556699,0.194556699,4457686242,4.457686242,21348785189,21.348785189,12.958602130000001,12.950586126000001,5592405,5592405,2796203,58189,282,11745,22736,187583754,199062,118700755,388,650,9429,111805,19381,78374785,39348132,37931624,5734,20156973,19984078,0,0,0,0,0,0,0,0,0,0,0,0,2,0,0,0,0,2,0,2,0,2,2,0,0,0,2,2,0,0,"(1507,569):down:1013"
ok,0,itoyorifutures-numNodes8-numCores320-totalCores320-._._examples_lcs.out-n1048576-r1-c0-s0.000002-m1.out.1667874,1667874,8,320,320,._._examples_lcs.out,1048576,1,0,0.000002,1,1,1,512,8658444957,8.658444957,8571641683,8.571641683,239634745,0.239634745,4631525553,4.631525553,22110560885,22.110560885,13.452115928000001,13.442801980999999,5592405,5592405,2796203,61569,281,12567,24434,231808570,196417,123357478,447,942,10559,129356,18299,85205589,42811912,41310806,5362,21251040,21082677,0,0,0,0,0,0,0,0,0,0,0,0,2,0,0,0,0,2,0,2,0,2,2,0,0,0,2,2,0,0,"(1507,569):down:1013"
ok,0,itoyorifutures-numNodes8-numCores320-totalCores320-._._examples_lcs.out-n1048576-r1-c0-s0.000002-m1.out.1667875,1667875,8,320,320,._._examples_lcs.out,1048576,1,0,0.000002,1,1,1,512,8407575566,8.407575566,8376138901,8.376138901,194530822,0.194530822,4496611875,4.496611875,21483020513,21.483020513,13.075444947,13.067281598000001,5592405,5592405,2796203,64320,408,11590,23409,187555650,187814,119660670,518,987,9180,109334,19625,78764827,39319618,38331845,5558,19512814,19344765,0,0,0,0,0,0,0,0,0,0,0,0,2,0,0,0,0,2,0,2,0,2,2,0,0,0,2,2,0,0,"(1507,569):down:1013"
ok,0,itoyorifutures-numNodes8-numCores320-totalCores320-._._examples_lcs.out-n1048576-r1-c0-s0.000002-m1.out.1667876,1667876,8,320,320,._._examples_lcs.out,1048576,1,0,0.000002,1,1,1,512,8455643990,8.45564399,8362658641,8.362658641,196652890,0.19665289,4482708065,4.482708065,21505297967,21.505297967,13.049653977,13.042019596,5592405,5592405,2796203,40364,299,11504,23091,189761429,162210,115926191,484,666,9323,125025,19179,76975583,38451178,37435226,5629,19835857,19669077,2187,2187,0,17933400,8200,72369831,3279,0,2187,2187,0,0,2,0,0,0,0,2,0,2,0,2,2,0,0,0,2,2,0,0,"(1507,569):down:1013"
ok,0,itoyorifutures-numNodes8-numCores320-totalCores320-._._examples_lcs.out-n1048576-r1-c0-s0.000002-m1.out.1667877,1667877,8,320,320,._._examples_lcs.out,1048576,1,0,0.000002,1,1,1,512,8533358168,8.533358168,8500229583,8.500229583,220499795,0.220499795,4595155657,4.595155657,21858588762,21.858588762,13.325230594,13.315885035,5592405,5592405,2796203,65481,282,12144,24245,213055341,223225,126385943,440,785,9550,122324,19198,84501490,42330764,41059496,5392,19547279,19382273,0,0,0,0,0,0,0,0,0,0,0,0,2,0,0,0,0,2,0,2,0,2,2,0,0,0,2,2,0,0,"(1507,569):down:1013"
ok,0,itoyorifutures-numNodes8-numCores320-totalCores320-._._examples_lcs.out-n1048576-r1-c0-s0.000002-m2.out.1667891,1667891,8,320,320,._._examples_lcs.out,1048576,1,0,0.000002,2,2,2,512,8271530630,8.27153063,8181932186,8.181932186,190307439,0.190307439,4411315514,4.411315514,21063103060,21.06310306,12.791572429999999,12.783555138999999,5592405,5592405,2796203,37740,329,16048,15079,183603666,143172,118239232,338,971,9044,103957,19565,76638150,38395886,37136180,5502,18963466,18794573,2187,2187,0,17933400,8200,66767461,3279,0,2187,2187,0,0,2,0,0,0,0,2,0,2,0,2,2,0,0,0,2,2,0,0,"(1507,569):down:1013;(1846,787):right:68"
ok,0,itoyorifutures-numNodes8-numCores320-totalCores320-._._examples_lcs.out-n1048576-r1-c0-s0.000002-m2.out.1667892,1667892,8,320,320,._._examples_lcs.out,1048576,1,0,0.000002,2,2,2,512,8663616071,8.663616071,8507064556,8.507064556,213568742,0.213568742,4600572181,4.600572181,21993687999,21.993687999,13.330071927999999,13.321205479,5592405,5592405,2796203,39277,358,14101,27864,205902102,183930,134786548,328,680,10353,114683,20094,90889224,44942694,44858805,5438,21442767,21285188,0,0,0,0,0,0,0,0,0,0,0,0,2,0,0,0,0,2,0,2,0,2,2,0,0,0,2,2,0,0,"(1507,569):down:1013;(1846,787):right:68"
ok,0,itoyorifutures-numNodes8-numCores320-totalCores320-._._examples_lcs.out-n1048576-r1-c0-s0.000002-m2.out.1667893,1667893,8,320,320,._._examples_lcs.out,1048576,1,0,0.000002,2,2,2,512,8589873416,8.589873416,8468838091,8.468838091,209723007,0.209723007,4569440229,4.569440229,21847391773,21.847391773,13.257518356999999,13.248001326999999,5592405,5592405,2796203,37012,251,13188,25281,202257973,190747,123927449,367,605,10078,114133,19101,85586411,42756659,41737543,5514,21176485,20996977,2187,2187,0,17933400,8200,72704961,3279,0,2187,2187,0,0,2,0,0,0,0,2,0,2,0,2,2,0,0,0,2,2,0,0,"(1507,569):down:1013;(1846,787):right:68"
ok,0,itoyorifutures-numNodes8-numCores320-totalCores320-._._examples_lcs.out-n1048576-r1-c0-s0.000002-m2.out.1667895,1667895,8,320,320,._._examples_lcs.out,1048576,1,0,0.000002,2,2,2,512,8471018935,8.471018935,8334805028,8.334805028,206615219,0.206615219,4489447399,4.489447399,21510819179,21.510819179,13.039800243999998,13.030867646,5592405,5592405,2796203,56848,271,13321,26053,199326626,177084,125340511,461,1107,9881,128563,19520,83125106,41650607,40378303,5406,19883038,19709559,0,0,0,0,0,0,0,0,0,0,0,0,2,0,0,0,0,2,0,2,0,2,2,0,0,0,2,2,0,0,"(1507,569):down:1013;(1846,787):right:68"
ok,0,itoyorifutures-numNodes8-numCores320-totalCores320-._._examples_lcs.out-n1048576-r1-c0-s0.000002-m2.out.1667911,1667911,8,320,320,._._examples_lcs.out,1048576,1,0,0.000002,2,2,2,512,8413605899,8.413605899,8371793142,8.371793142,197074502,0.197074502,4492004474,4.492004474,21482376477,21.482376477,13.068770577999999,13.060872117999999,5592405,5592405,2796203,58607,302,12062,23687,190243190,151967,116894327,425,1118,9261,83649,19041,77721930,38771077,37877871,5556,19543776,19376041,2187,2187,0,17933400,8200,71681490,3279,0,2187,2187,0,0,2,0,0,0,0,2,0,2,0,2,2,0,0,0,2,2,0,0,"(1507,569):down:1013;(1846,787):right:68"
ok,0,itoyorifutures-numNodes8-numCores320-totalCores320-._._examples_lcs.out-n1048576-r1-c0-s0.000002-m2.out.1667913,1667913,8,320,320,._._examples_lcs.out,1048576,1,0,0.000002,2,2,2,512,8431575578,8.431575578,8319848232,8.319848232,196439322,0.196439322,4475642899,4.475642899,21430555943,21.430555943,12.998980365000001,12.991930453,5592405,5592405,2796203,37508,224,11757,23294,189537894,171558,115941049,415,794,20312,121572,19297,78796790,39520601,38172612,5502,19112367,18948169,0,0,0,0,0,0,0,0,0,0,0,0,2,0,0,0,0,2,0,2,0,2,2,0,0,0,2,2,0,0,"(1507,569):down:1013;(1846,787):right:68"
ok,0,itoyorifutures-numNodes8-numCores320-totalCores320-._._examples_lcs.out-n1048576-r1-c0-s0.000002-m2.out.1667914,1667914,8,320,320,._._examples_lcs.out,1048576,1,0,0.000002,2,2,2,512,8613380403,8.613380403,8540888781,8.540888781,208841641,0.208841641,4580865122,4.580865122,21952157992,21.952157992,13.338777589,13.330595543999998,5592405,5592405,2796203,64572,287,13611,27368,201076699,194581,124769577,407,913,13148,134231,19105,87964830,43994433,42872371,5470,21457648,21293680,2187,2187,0,17933400,8200,74486607,3279,0,2187,2187,0,0,2,0,0,0,0,2,0,2,0,2,2,0,0,0,2,2,0,0,"(1507,569):down:1013;(1846,787):right:68"
ok,0,itoyorifutures-numNodes8-numCores320-totalCores320-._._examples_lcs.out-n1048576-r1-c0-s0.000002-m3.out.1667943,1667943,8,320,320,._._examples_lcs.out,1048576,1,0,0.000002,3,2,3,512,8399092533,8.399092533,8289975003,8.289975003,207644727,0.207644727,4487128658,4.487128658,21392182539,21.392182539,12.993090006000001,12.984748388,5592405,5592405,2796203,50295,346,8787,17132,200204170,182397,124650869,300,658,10104,122186,19128,84495600,42168382,41239649,5375,20362465,20198388,2187,2187,0,17933400,8200,76337879,3279,0,2187,2187,0,0,2,0,0,0,0,2,0,2,0,2,2,0,0,0,2,2,0,0,"(1507,569):down:1013;(1846,787):right:68"
incomplete,0,itoyorifutures-numNodes8-numCores320-totalCores320-._._examples_lcs.out-n1048576-r1-c0-s0.000002-m3.out.1667944,1667944,8,320,320,._._examples_lcs.out,1048576,1,0,0.000002,3,0,,,,,,,,,,,,,,,,,,,,,,,,,,,,,,,,,,,,,,,,,,,,,,,,,,,,,,,,,,,,,,,,,,
ok,0,itoyorifutures-numNodes8-numCores320-totalCores320-._._examples_lcs.out-n1048576-r1-c0-s0.000002-m3.out.1667945,1667945,8,320,320,._._examples_lcs.out,1048576,1,0,0.000002,3,2,3,512,8614850641,8.614850641,8568576012,8.568576012,263823815,0.263823815,4631732205,4.631732205,22087101489,22.087101489,13.472250847999998,13.464132031999998,5592405,5592405,2796203,40178,294,14485,27871,256119593,243336,123528795,369,623,11117,145202,18013,87417416,43546875,42806290,5326,21677975,21509352,0,0,0,0,0,0,0,0,0,0,0,0,2,0,0,0,0,2,0,2,0,2,2,0,0,0,2,2,0,0,"(1507,569):down:1013;(1846,787):right:68"
ok,0,itoyorifutures-numNodes8-numCores320-totalCores320-._._examples_lcs.out-n1048576-r1-c0-s0.000002-m3.out.1667946,1667946,8,320,320,._._examples_lcs.out,1048576,1,0,0.000002,3,2,3,512,8401244183,8.401244183,8333394769,8.333394769,194904813,0.194904813,4466064226,4.466064226,21403058424,21.403058424,13.001814241000002,12.994363808000001,5592405,5592405,2796203,40370,269,11835,23140,187982098,169070,118508429,343,614,10380,86901,19479,77107273,38407698,37609661,5525,19426442,19259780,0,0,0,0,0,0,0,0,0,0,0,0,2,0,0,0,0,2,0,2,0,2,2,0,0,0,2,2,0,0,"(1507,569):down:1013;(1846,787):right:68"
ok,0,itoyorifutures-numNodes8-numCores320-totalCores320-._._examples_lcs.out-n1048576-r1-c0-s0.000002-m3.out.1667947,1667947,8,320,320,._._examples_lcs.out,1048576,1,0,0.000002,3,2,3,512,8550547720,8.55054772,8476111508,8.476111508,212505073,0.212505073,4602669082,4.602669082,21848982162,21.848982162,13.298434441999998,13.291285663000002,5592405,5592405,2796203,59569,306,8903,18401,205030244,131763,131404597,369,657,10966,116326,19079,88730116,44695550,42936240,5327,21222826,21061458,2187,2187,0,17933400,8200,74504569,3279,0,2187,2187,0,0,2,0,0,0,0,2,0,2,0,2,2,0,0,0,2,2,0,0,"(1507,569):down:1013;(1846,787):right:68"
ok,0,itoyorifutures-numNodes8-numCores320-totalCores320-._._examples_lcs.out-n1048576-r1-c0-s0.000002-m4.out.1667968,1667968,8,320,320,._._examples_lcs.out,1048576,1,0,0.000002,4,2,4,512,8573509544,8.573509544,8508918911,8.508918911,211985653,0.211985653,4595760240,4.59576024,21897224280,21.89722428,13.323714736,13.316664803999998,5592405,5592405,2796203,60930,257,13346,26314,204390872,181623,126180533,351,727,10788,115842,18756,87062604,43120581,42852662,5596,23090803,22920907,1225,1224,1,10045000,8200,41664249,1841,0,1225,1224,1,0,2,0,0,0,0,2,0,2,0,2,2,0,0,0,2,2,0,0,"(1507,569):down:1013;(1846,787):right:68"
ok,0,itoyorifutures-numNodes8-numCores320-totalCores320-._._examples_lcs.out-n1048576-r1-c0-s0.000002-m4.out.1667969,1667969,8,320,320,._._examples_lcs.out,1048576,1,0,0.000002,4,2,4,512,8505283693,8.505283693,8472935848,8.472935848,255972671,0.255972671,4631953629,4.631953629,21874406424,21.874406424,13.369122731,13.360862148,5592405,5592405,2796203,39681,309,13518,27615,248372852,223571,134311863,501,973,9875,138277,20384,88676826,44209710,43352701,5497,21127487,20969814,0,0,0,0,0,0,0,0,0,0,0,0,2,0,0,0,0,2,0,2,0,2,2,0,0,0,2,2,0,0,"(1507,569):down:1013;(1846,787):right:68"
ok,0,itoyorifutures-numNodes8-numCores320-totalCores320-._._examples_lcs.out-n1048576-r1-c0-s0.000002-m4.out.1667970,1667970,8,320,320,._._examples_lcs.out,1048576,1,0,0.000002,4,2,4,512,8602656919,8.602656919,8512593208,8.512593208,209550090,0.20955009,4590977389,4.590977389,21922885039,21.922885039,13.320228120000001,13.313120687000001,5592405,5592405,2796203,39638,270,13341,36194,201921146,193640,133552019,430,999,11668,128461,20283,88515780,44306706,43118722,5585,21671662,21512696,1,0,1,8200,8200,95257,7,0,1,0,1,0,2,0,0,0,0,2,0,2,0,2,2,0,0,0,2,2,0,0,"(1507,569):down:1013;(1846,787):right:68"
ok,0,itoyorifutures-numNodes8-numCores320-totalCores320-._._examples_lcs.out-n1048576-r1-c0-s0.000002-m4.out.1667971,1667971,8,320,320,._._examples_lcs.out,1048576,1,0,0.000002,4,2,4,512,8575614347,8.575614347,8527267071,8.527267071,220833029,0.220833029,4607663202,4.607663202,21938362258,21.938362258,13.362747911000001,13.355763302,5592405,5592405,2796203,38662,278,12887,24816,213353439,175074,126888687,364,681,11081,130259,18912,85553579,42827631,41634750,5394,21496997,21333469,0,0,0,0,0,0,0,0,0,0,0,0,2,0,0,0,0,2,0,2,0,2,2,0,0,0,2,2,0,0,"(1507,569):down:1013;(1846,787):right:68"
ok,0,itoyorifutures-numNodes8-numCores320-totalCores320-._._examples_lcs.out-n1048576-r1-c0-s0.000002-m4.out.1667972,1667972,8,320,320,._._examples_lcs.out,1048576,1,0,0.000002,4,2,4,512,8669116093,8.669116093,8570863914,8.570863914,249614845,0.249614845,4627792725,4.627792725,22128575418,22.128575418,13.459459325000001,13.448271484,5592405,5592405,2796203,52788,336,23571,33172,240800571,276624,113124653,403,1759,13228,161744,15232,81532042,40816592,39743350,5248,23353224,23170137,0,0,0,0,0,0,0,0,0,0,0,0,2,0,0,0,0,2,0,2,0,2,2,0,0,0,2,2,0,0,"(1507,569):down:1013;(1846,787):right:68"
ok,0,itoyorifutures-numNodes8-numCores320-totalCores320-._._examples_lcs.out-n1048576-r1-c0-s0.000002-m4.out.1667997,1667997,8,320,320,._._examples_lcs.out,1048576,1,0,0.000002,4,2,4,512,8568550393,8.568550393,8483614707,8.483614707,211258832,0.211258832,4549116640,4.54911664,21822785389,21.822785389,13.254234996,13.243990179,5592405,5592405,2796203,40628,293,13636,27749,203563633,184024,123404200,438,673,13040,135436,18525,85334611,42636743,41614496,5268,20813648,20646985,2187,2187,0,17933400,8200,76141704,3279,0,2187,2187,0,0,2,0,0,0,0,2,0,2,0,2,2,0,0,0,2,2,0,0,"(1507,569):down:1013;(1846,787):right:68"
ok,0,itoyorifutures-numNodes8-numCores320-totalCores320-._._examples_lcs.out-n1048576-r1-c0-s0.000002-m4.out.1667998,1667998,8,320,320,._._examples_lcs.out,1048576,1,0,0.000002,4,2,4,512,8570517673,8.570517673,8486863784,8.486863784,211789504,0.211789504,4586564069,4.586564069,21862806358,21.862806358,13.292288685,13.285217357,5592405,5592405,2796203,61117,306,12826,25505,204139217,191002,126440760,355,624,10836,132995,18764,86975493,43619973,42259826,5592,21946626,21769148,0,0,0,0,0,0,0,0,0,0,0,0,2,0,0,0,0,2,0,2,0,2,2,0,0,0,2,2,0,0,"(1507,569):down:1013;(1846,787):right:68"
ok,0,itoyorifutures-numNodes8-numCores320-totalCores320-._._examples_lcs.out-n1048576-r1-c0-s0.000002-m4.out.1667999,1667999,8,320,320,._._examples_lcs.out,1048576,1,0,0.000002,4,2,4,512,8641549248,8.641549248,8593215533,8.593215533,257028661,0.257028661,4619514003,4.619514003,22122061136,22.122061136,13.480511887999999,13.469758197,5592405,5592405,2796203,41386,290,9246,18001,249548061,189507,131651722,393,944,12232,119237,20386,89375716,44690818,43575866,5521,21023913,20859514,0,0,0,0,0,0,0,0,0,0,0,0,2,0,0,0,0,2,0,2,0,2,2,0,0,0,2,2,0,0,"(1507,569):down:1013;(1846,787):right:68"
ok,0,itoyorifutures-numNodes8-numCores320-totalCores320-._._examples_lcs.out-n1048576-r1-c0-s0.000002-m4.out.1668000,1668000,8,320,320,._._examples_lcs.out,1048576,1,0,0.000002,4,2,4,512,8480080287,8.480080287,8385702149,8.385702149,195580989,0.195580989,4507474860,4.50747486,21577720053,21.577720053,13.097639766,13.088757998,5592405,5592405,2796203,47273,312,12549,24003,188315881,199678,117790634,460,1051,9510,113431,18715,78868435,39724597,38065227,5578,20234827,20065697,0,0,0,0,0,0,0,0,0,0,0,0,2,0,0,0,0,2,0,2,0,2,2,0,0,0,2,2,0,0,"(1507,569):down:1013;(1846,787):right:68"
ok,0,itoyorifutures-numNodes8-numCores320-totalCores320-._._examples_lcs.out-n1048576-r1-c0-s0.000002-m4.out.1668001,1668001,8,320,320,._._examples_lcs.out,1048576,1,0,0.000002,4,2,4,512,8533601148,8.533601148,8474176993,8.474176993,212819333,0.212819333,4545046605,4.545046605,21775374870,21.77537487,13.241773722,13.232042931,5592405,5592405,2796203,55435,311,379,320,205275420,105789,131611569,492,631,1409,89188,19387,89920084,45131635,43684613,5333,21456705,21295300,0,0,0,0,0,0,0,0,0,0,0,0,2,0,0,0,0,2,0,2,0,2,2,0,0,0,2,2,0,0,"(1507,569):down:1013;(1846,787):right:68"
ok,0,itoyorifutures-numNodes8-numCores320-totalCores320-._._examples_lcs.out-n1048576-r1-c0-s0.000006-m3.out.1668061,1668061,8,320,320,._._examples_lcs.out,1048576,1,0,0.000006,3,3,3,512,8664701847,8.664701847,8584018067,8.584018067,207414294,0.207414294,6735622996,6.735622996,24200352354,24.200352354,15.535650507,15.527055357,5592405,5592405,4194304,48136,302,14012,26457,200003584,181454,197978789,159,458,375,1151,30398,132081587,65396647,65005959,7700,28887589,28659060,0,0,0,0,0,0,0,0,0,0,0,0,1,0,0,0,0,3,0,3,0,3,3,0,0,0,1,3,0,0,"(331,1012):down:864;(337,1009):down:837;(65,1740):down:739"
ok,0,itoyorifutures-numNodes8-numCores320-totalCores320-._._examples_lcs.out-n1048576-r1-c0-s0.000006-m3.out.1668064,1668064,8,320,320,._._examples_lcs.out,1048576,1,0,0.000006,3,3,3,512,8732539276,8.732539276,8686091986,8.686091986,213811520,0.21381152,6751544935,6.751544935,24392072974,24.392072974,15.659533698,15.651448441,5592405,5592405,4194304,51156,304,14482,28202,206254599,193120,192569383,162,277,389,1017,27694,128076086,63306804,63096912,7436,29358728,29123372,0,0,0,0,0,0,0,0,0,0,0,0,1,0,0,0,0,3,0,3,0,3,3,0,0,0,1,3,0,0,"(331,1012):down:864;(337,1009):down:837;(65,1740):down:739"
ok,0,itoyorifutures-numNodes8-numCores320-totalCores320-._._examples_lcs.out-n1048576-r1-c0-s0.000006-m3.out.1668065,1668065,8,320,320,._._examples_lcs.out,1048576,1,0,0.000006,3,3,3,512,8332229233,8.332229233,8221647947,8.221647947,179860982,0.179860982,6452295885,6.452295885,23193188555,23.193188555,14.860959322,14.853804813999998,5592405,5592405,4194304,38468,288,11413,23193,173277432,160467,173716739,194,247,398,805,29237,112504364,55534634,55340106,7841,26396408,26159140,1,0,1,8200,8200,139597,7,0,1,0,1,0,1,0,0,0,0,3,0,3,0,3,3,0,0,0,1,3,0,0,"(331,1012):down:864;(337,1009):down:837;(65,1740):down:739"
ok,0,itoyorifutures-numNodes8-numCores320-totalCores320-._._examples_lcs.out-n1048576-r1-c0-s0.000006-m3.out.1668081,1668081,8,320,320,._._examples_lcs.out,1048576,1,0,0.000006,3,3,3,512,8373760248,8.373760248,8243092791,8.243092791,210485711,0.210485711,6485808537,6.485808537,23319755233,23.319755233,14.945994984999999,14.939387039,5592405,5592405,4194304,54807,289,11462,22846,203653279,204304,172487208,149,439,581,1183,28654,113052609,55468717,55956711,7767,26316343,26079486,0,0,0,0,0,0,0,0,0,0,0,0,1,0,0,0,0,3,0,3,0,3,3,0,0,0,1,3,0,0,"(331,1012):down:864;(337,1009):down:837;(65,1740):down:739"
ok,0,itoyorifutures-numNodes8-numCores320-totalCores320-._._examples_lcs.out-n1048576-r1-c0-s0.000006-m3.out.1668082,1668082,8,320,320,._._examples_lcs.out,1048576,1,0,0.000006,3,3,3,512,8503954984,8.503954984,8415882585,8.415882585,208636000,0.208636,6609620819,6.609620819,23746572054,23.746572054,15.242617070000001,15.234139404,5592405,5592405,4194304,40722,276,13625,27222,201050485,201686,179286089,140,223,509,1062,26869,123435838,60788542,60987932,7299,28870946,28633709,0,0,0,0,0,0,0,0,0,0,0,0,1,0,0,0,0,3,0,3,0,3,3,0,0,0,1,3,0,0,"(331,1012):down:864;(337,1009):down:837;(65,1740):down:739"
ok,0,itoyorifutures-numNodes8-numCores320-totalCores320-._._examples_lcs.out-n1048576-r1-c0-s0.000006-m3.out.1668083,1668083,8,320,320,._._examples_lcs.out,1048576,1,0,0.000006,3,3,3,512,8454755646,8.454755646,8396868174,8.396868174,208268860,0.20826886,6600136715,6.600136715,23668430234,23.668430234,15.213674587999998,15.205273749,5592405,5592405,4194304,53049,287,13935,26925,200727968,184480,190055239,151,267,659,806,28210,131207865,64877000,64688770,7588,29603546,29366342,1,0,1,8200,8200,115334,7,0,1,0,1,0,1,0,0,0,0,3,0,3,0,3,3,0,0,0,1,3,0,0,"(331,1012):down:864;(337,1009):down:837;(65,1740):down:739"
ok,0,itoyorifutures-numNodes8-numCores320-totalCores320-._._examples_lcs.out-n1048576-r1-c0-s0.000006-m3.out.1668084,1668084,8,320,320,._._examples_lcs.out,1048576,1,0,0.000006,3,3,3,512,8576677627,8.576677627,8498978161,8.498978161,207230378,0.207230378,6643046823,6.643046823,23934535448,23.934535448,15.357857820999998,15.349255362000001,5592405,5592405,4194304,44656,268,11992,30298,199892881,182876,195501888,296,634,524,1054,30617,127845121,62440648,63736921,7633,28116289,27897905,0,0,0,0,0,0,0,0,0,0,0,0,1,0,0,0,0,3,0,3,0,3,3,0,0,0,1,3,0,0,"(331,1012):down:864;(337,1009):down:837;(65,1740):down:739"
ok,0,itoyorifutures-numNodes8-numCores320-totalCores320-._._examples_lcs.out-n1048576-r1-c0-s0.000006-m3.out.1668085,1668085,8,320,320,._._examples_lcs.out,1048576,1,0,0.000006,3,3,3,512,8562748058,8.562748058,8508049941,8.508049941,207685536,0.207685536,6646553436,6.646553436,23932877979,23.932877979,15.370129921,15.362288912999999,5592405,5592405,4194304,39961,232,13584,26766,200230238,196628,192946577,354,324,599,914,29083,128057814,63101714,63291795,7265,27695664,27476481,2187,2187,0,17933400,8200,73597297,3279,0,2187,2187,0,0,1,0,0,0,0,3,0,3,0,3,3,0,0,0,1,3,0,0,"(331,1012):down:864;(337,1009):down:837;(65,1740):down:739"
incomplete,0,itoyorifutures-numNodes8-numCores320-totalCores320-._._examples_lcs.out-n1048576-r1-c0-s0.000006-m3.out.1668143,1668143,8,320,320,._._examples_lcs.out,1048576,1,0,0.000006,3,0,,,,,,,,,,,,,,,,,,,,,,,,,,,,,,,,,,,,,,,,,,,,,,,,,,,,,,,,,,,,,,,,,,
incomplete,0,itoyorifutures-numNodes8-numCores320-totalCores320-._._examples_lcs.out-n1048576-r1-c0-s0.000006-m3.out.1668144,1668144,8,320,320,._._examples_lcs.out,1048576,1,0,0.000006,3,0,,,,,,,,,,,,,,,,,,,,,,,,,,,,,,,,,,,,,,,,,,,,,,,,,,,,,,,,,,,,,,,,,,
ok,0,itoyorifutures-numNodes8-numCores320-totalCores320-._._examples_lcs.out-n1048576-r1-c0-s0.000006-m3.out.1668145,1668145,8,320,320,._._examples_lcs.out,1048576,1,0,0.000006,3,3,3,512,8512403448,8.512403448,8450882902,8.450882902,202788703,0.202788703,6574237193,6.574237193,23748121267,23.748121267,15.235717818999998,15.227908798,5592405,5592405,4194304,39711,275,13613,26483,195369480,192751,187307297,185,260,541,1088,28542,125907968,62099479,62194335,7750,29059992,28826591,2187,2187,0,17933400,8200,71252989,3279,0,2187,2187,0,0,1,0,0,0,0,3,0,3,0,3,3,0,0,0,1,3,0,0,"(331,1012):down:864;(337,1009):down:837;(65,1740):down:739"
ok,0,itoyorifutures-numNodes8-numCores320-totalCores320-._._examples_lcs.out-n1048576-r1-c0-s0.000006-m3.out.1668146,1668146,8,320,320,._._examples_lcs.out,1048576,1,0,0.000006,3,3,3,512,8408157911,8.408157911,8273268179,8.273268179,190540163,0.190540163,6496965939,6.496965939,23377885588,23.377885588,14.969727677000002,14.960774280999999,5592405,5592405,4194304,53126,261,12069,23294,183682017,176766,182021924,276,233,1195,1303,30152,117686289,57905249,58162169,7787,26688038,26470343,0,0,0,0,0,0,0,0,0,0,0,0,1,0,0,0,0,3,0,3,0,3,3,0,0,0,1,3,0,0,"(331,1012):down:864;(337,1009):down:837;(65,1740):down:739"
ok,0,itoyorifutures-numNodes8-numCores320-totalCores320-._._examples_lcs.out-n1048576-r1-c0-s0.000006-m3.out.1668147,1668147,8,320,320,._._examples_lcs.out,1048576,1,0,0.000006,3,3,3,512,8495545491,8.495545491,8434633205,8.434633205,240458649,0.240458649,6594121068,6.594121068,23774154950,23.77415495,15.278609459,15.269212922000001,5592405,5592405,4194304,42594,302,13733,26783,233010585,220642,190445306,148,259,429,971,28767,126670537,62305181,62710202,7504,28984939,28764761,0,0,0,0,0,0,0,0,0,0,0,0,1,0,0,0,0,3,0,3,0,3,3,0,0,0,1,3,0,0,"(331,1012):down:864;(337,1009):down:837;(65,1740):down:739"
ok,0,itoyorifutures-numNodes8-numCores320-totalCores320-._._examples_lcs.out-n1048576-r1-c0-s0.000006-m4.out.1668164,1668164,8,320,320,._._examples_lcs.out,1048576,1,0,0.000006,4,4,4,512,8488984287,8.488984287,8378250080,8.37825008,201804227,0.201804227,8279505512,8.279505512,25358591466,25.358591466,16.869607179,16.859559819,5592405,5592405,5592405,60746,274,13781,27450,194608047,198826,216388848,207,289,418,963,38344,141515278,68407920,70887499,7543,26652663,26426317,0,0,0,0,0,0,0,0,0,0,0,0,0,0,0,0,0,4,0,4,0,4,4,0,0,0,0,4,0,0,"(437,152):down:671;(331,1012):down:864;(337,1009):down:837;(65,1740):down:739"
ok,0,itoyorifutures-numNodes8-numCores320-totalCores320-._._examples_lcs.out-n1048576-r1-c0-s0.000006-m4.out.1668165,1668165,8,320,320,._._examples_lcs.out,1048576,1,0,0.000006,4,4,4,512,8248459522,8.248459522,8189986379,8.189986379,176760030,0.17676003,8122013059,8.122013059,24744816392,24.744816392,16.49635687,16.488759468,5592405,5592405,5592405,39397,266,379,288,170248987,120392,207698817,256,335,417,952,39181,133063952,63835069,67055696,8303,27494724,27245135,0,0,0,0,0,0,0,0,0,0,0,0,0,0,0,0,0,4,0,4,0,4,4,0,0,0,0,4,0,0,"(437,152):down:671;(331,1012):down:864;(337,1009):down:837;(65,1740):down:739"
ok,0,itoyorifutures-numNodes8-numCores320-totalCores320-._._examples_lcs.out-n1048576-r1-c0-s0.000006-m4.out.1668166,1668166,8,320,320,._._examples_lcs.out,1048576,1,0,0.000006,4,4,4,512,8322429011,8.322429011,8256913494,8.256913494,177400169,0.177400169,8184178798,8.184178798,24947965720,24.94796572,16.625536709,16.618492461000002,5592405,5592405,5592405,36920,259,11996,22453,170904587,173671,213820695,224,205,358,1027,39092,132830544,63808877,66828263,8317,26771925,26507062,0,0,0,0,0,0,0,0,0,0,0,0,0,0,0,0,0,4,0,4,0,4,4,0,0,0,0,4,0,0,"(437,152):down:671;(331,1012):down:864;(337,1009):down:837;(65,1740):down:739"
ok,0,itoyorifutures-numNodes8-numCores320-totalCores320-._._examples_lcs.out-n1048576-r1-c0-s0.000006-m4.out.1668167,1668167,8,320,320,._._examples_lcs.out,1048576,1,0,0.000006,4,4,4,512,8287152269,8.287152269,8159232270,8.15923227,173511297,0.173511297,8049296113,8.049296113,24676052427,24.676052427,16.388900158,16.38203968,5592405,5592405,5592405,37351,253,11589,22439,167040455,197033,207491380,210,243,444,754,39220,125401900,60303658,62926462,7754,24609984,24382983,0,0,0,0,0,0,0,0,0,0,0,0,0,0,0,0,0,4,0,4,0,4,4,0,0,0,0,4,0,0,"(437,152):down:671;(331,1012):down:864;(337,1009):down:837;(65,1740):down:739"
ok,0,itoyorifutures-numNodes8-numCores320-totalCores320-._._examples_lcs.out-n1048576-r1-c0-s0.000006-m4.out.1668168,1668168,8,320,320,._._examples_lcs.out,1048576,1,0,0.000006,4,4,4,512,8352581676,8.352581676,8239400662,8.239400662,183590586,0.183590586,8192565641,8.192565641,24977900797,24.977900797,16.625319121,16.615556888999997,5592405,5592405,5592405,34571,226,12470,23252,176889483,186129,209051768,175,293,484,773,38665,133061350,64008093,66874546,8379,27258331,27014140,0,0,0,0,0,0,0,0,0,0,0,0,0,0,0,0,0,4,0,4,0,4,4,0,0,0,0,4,0,0,"(437,152):down:671;(331,1012):down:864;(337,1009):down:837;(65,1740):down:739"
ok,0,itoyorifutures-numNodes8-numCores320-totalCores320-._._examples_lcs.out-n1048576-r1-c0-s0.000006-m5.out.1668021,1668021,8,320,320,._._examples_lcs.out,1048576,1,0,0.000006,5,5,5,512,8605298842,8.605298842,8480395582,8.480395582,193821558,0.193821558,8389546480,8.38954648,25675949324,25.675949324,17.070650482,17.06376362,5592405,5592405,5592405,43697,282,12954,25953,186427090,211639,231430394,143,290,429,1545,38497,146363897,70718337,73419959,7740,28482806,28246716,0,0,0,0,0,0,0,0,0,0,0,0,0,0,0,0,0,4,0,4,0,4,4,0,0,0,0,4,0,0,"(437,152):down:671;(331,1012):down:864;(337,1009):down:837;(812,552):down:538;(65,1740):down:739"
incomplete,0,itoyorifutures-numNodes8-numCores320-totalCores320-._._examples_lcs.out-n1048576-r1-c0-s0.000006-m5.out.1668022,1668022,8,320,320,._._examples_lcs.out,1048576,1,0,0.000006,5,0,,,,,,,,,,,,,,,,,,,,,,,,,,,,,,,,,,,,,,,,,,,,,,,,,,,,,,,,,,,,,,,,,,
incomplete,0,itoyorifutures-numNodes8-numCores320-totalCores320-._._examples_lcs.out-n1048576-r1-c0-s0.000006-m5.out.1668023,1668023,8,320,320,._._examples_lcs.out,1048576,1,0,0.000006,5,0,,,,,,,,,,,,,,,,,,,,,,,,,,,,,,,,,,,,,,,,,,,,,,,,,,,,,,,,,,,,,,,,,,
ok,0,itoyorifutures-numNodes8-numCores320-totalCores320-._._examples_lcs.out-n1048576-r1-c0-s0.000006-m5.out.1668024,1668024,8,320,320,._._examples_lcs.out,1048576,1,0,0.000006,5,5,5,512,8555244330,8.55524433,8487968058,8.487968058,201230570,0.20123057,8430816870,8.43081687,25682918906,25.682918906,17.127674576,17.120015498,5592405,5592405,5592405,41402,298,14122,34843,193817670,172244,233297729,138,365,364,1177,38865,155103241,74380253,78564899,8419,31949115,31707214,2187,2187,0,17933400,8200,73193729,3279,0,2187,2187,0,0,0,0,0,0,0,4,0,4,0,4,4,0,0,0,0,4,0,0,"(437,152):down:671;(337,1009):down:837;(331,1012):down:864;(812,552):down:538;(65,1740):down:739"
ok,0,itoyorifutures-numNodes8-numCores320-totalCores320-._._examples_lcs.out-n1048576-r1-c0-s0.000006-m5.out.1668025,1668025,8,320,320,._._examples_lcs.out,1048576,1,0,0.000006,5,5,5,512,8731411335,8.731411335,8585186368,8.585186368,209492012,0.209492012,8540986434,8.540986434,26075812159,26.075812159,17.344400824,17.335664814,5592405,5592405,5592405,41306,236,353,302,201823217,117941,254317930,134,231,377,1080,41395,164458574,79291655,82921531,8044,31068385,30840669,1,0,1,8200,8200,131013,7,0,1,0,1,0,0,0,0,0,0,4,0,4,0,4,4,0,0,0,0,4,0,0,"(437,152):down:671;(337,1009):down:837;(331,1012):down:864;(812,552):down:538;(65,1740):down:739"
ok,0,itoyorifutures-numNodes8-numCores320-totalCores320-._._examples_lcs.out-n1048576-r1-c0-s0.000006-m5.out.1668041,1668041,8,320,320,._._examples_lcs.out,1048576,1,0,0.000006,5,5,5,512,8456798686,8.456798686,8375412928,8.375412928,236787882,0.236787882,8240905022,8.240905022,25318681329,25.318681329,16.861882643,16.853105831999997,5592405,5592405,5592405,48669,278,12007,23472,230045191,211053,220914294,187,231,469,999,41612,138455208,67106769,69115967,8192,26516525,26285433,0,0,0,0,0,0,0,0,0,0,0,0,0,0,0,0,0,4,0,4,0,4,4,0,0,0,0,4,0,0,"(437,152):down:671;(331,1012):down:864;(337,1009):down:837;(812,552):down:538;(65,1740):down:739"
ok,0,itoyorifutures-numNodes8-numCores320-totalCores320-._._examples_lcs.out-n1048576-r1-c0-s0.000006-m5.out.1668042,1668042,8,320,320,._._examples_lcs.out,1048576,1,0,0.000006,5,5,5,512,8281041598,8.281041598,8178973778,8.178973778,177035003,0.177035003,8113698126,8.113698126,24758801628,24.758801628,16.47776003,16.469706907,5592405,5592405,5592405,39263,235,11758,22861,170394509,194260,209873416,126,269,408,694,38887,131469929,63706011,65612114,8489,27558098,27304146,0,0,0,0,0,0,0,0,0,0,0,0,0,0,0,0,0,4,0,4,0,4,4,0,0,0,0,4,0,0,"(437,152):down:671;(331,1012):down:864;(812,552):down:538;(337,1009):down:837;(65,1740):down:739"
ok,0,itoyorifutures-numNodes8-numCores320-totalCores320-._._examples_lcs.out-n1048576-r1-c0-s0.000006-m5.out.1668043,1668043,8,320,320,._._examples_lcs.out,1048576,1,0,0.000006,5,5,5,512,8523099698,8.523099698,8428056084,8.428056084,191754425,0.191754425,8331355546,8.331355546,25484559646,25.484559646,16.961459948,16.951166054999998,5592405,5592405,5592405,41440,637,12541,24696,184683692,157139,221511018,150,425,632,911,37495,139905604,67682971,70087601,8003,28088573,27850336,1,0,1,8200,8200,304715,7,0,1,0,1,0,0,0,0,0,0,4,0,4,0,4,4,0,0,0,0,4,0,0,"(437,152):down:671;(331,1012):down:864;(337,1009):down:837;(812,552):down:538;(65,1740):down:739"
ok,0,itoyorifutures-numNodes8-numCores320-totalCores320-._._examples_lcs.out-n1048576-r1-c0-s0.000006-m5.out.1668044,1668044,8,320,320,._._examples_lcs.out,1048576,1,0,0.000006,5,5,5,512,8607485421,8.607485421,8488612647,8.488612647,194840646,0.194840646,8423850273,8.423850273,25721814776,25.721814776,17.114329355,17.107303566,5592405,5592405,5592405,54991,290,14500,28108,187455415,236520,232537886,172,261,466,914,38213,150202244,73002090,74980460,7888,29748548,29503585,0,0,0,0,0,0,0,0,0,0,0,0,0,0,0,0,0,4,0,4,0,4,4,0,0,0,0,4,0,0,"(437,152):down:671;(812,552):down:538;(331,1012):down:864;(337,1009):down:837;(65,1740):down:739"
ok,0,itoyorifutures-numNodes8-numCores320-totalCores320-._._examples_lcs.out-n1048576-r1-c0-s0.000006-m5.out.1668045,1668045,8,320,320,._._examples_lcs.out,1048576,1,0,0.000006,5,5,5,512,8529100968,8.529100968,8479230463,8.479230463,200031135,0.200031135,8380214491,8.380214491,25595817904,25.595817904,17.066716936,17.059476089,5592405,5592405,5592405,36602,254,22556,23497,192754897,194625,233697070,210,341,568,951,40823,153081896,73429907,77443323,8233,29715861,29480279,0,0,0,0,0,0,0,0,0,0,0,0,0,0,0,0,0,4,0,4,0,4,4,0,0,0,0,4,0,0,"(437,152):down:671;(331,1012):down:864;(337,1009):down:837;(812,552):down:538;(65,1740):down:739"
ok,0,itoyorifutures-numNodes8-numCores320-totalCores320-._._examples_lcs.out-n1048576-r1-c0-s0.000006-m6.out.1668101,1668101,8,320,320,._._examples_lcs.out,1048576,1,0,0.000006,6,6,6,512,8627867407,8.627867407,8462226985,8.462226985,195035674,0.195035674,8364179316,8.364179316,25657932779,25.657932779,17.030065372,17.021441975,5592405,5592405,5592405,36997,296,366,311,187814933,115937,226547655,117,261,410,730,38319,147060527,70858073,74052559,7958,29651356,29413948,0,0,0,0,0,0,0,0,0,0,0,0,0,0,0,0,0,4,0,4,0,4,4,0,0,0,0,4,0,0,"(437,152):down:671;(812,552):down:538;(331,1012):down:864;(337,1009):down:837;(928,494):right:59;(65,1740):down:739"
ok,0,itoyorifutures-numNodes8-numCores320-totalCores320-._._examples_lcs.out-n1048576-r1-c0-s0.000006-m6.out.1668102,1668102,8,320,320,._._examples_lcs.out,1048576,1,0,0.000006,6,6,6,512,8620291489,8.620291489,8509928179,8.509928179,195296783,0.195296783,8409917189,8.409917189,25742477963,25.742477963,17.122186474,17.115142151,5592405,5592405,5592405,38821,349,14776,27482,188002252,204288,231478267,160,252,442,978,38492,147062798,71140111,73706696,7875,29227880,28985205,0,0,0,0,0,0,0,0,0,0,0,0,0,0,0,0,0,4,0,4,0,4,4,0,0,0,0,4,0,0,"(437,152):down:671;(331,1012):down:864;(337,1009):down:837;(812,552):down:538;(65,1740):down:739;(928,494):right:59"
incomplete,0,itoyorifutures-numNodes8-numCores320-totalCores320-._._examples_lcs.out-n1048576-r1-c0-s0.000006-m6.out.1668103,1668103,8,320,320,._._examples_lcs.out,1048576,1,0,0.000006,6,0,,,,,,,,,,,,,,,,,,,,,,,,,,,,,,,,,,,,,,,,,,,,,,,,,,,,,,,,,,,,,,,,,,
ok,0,itoyorifutures-numNodes8-numCores320-totalCores320-._._examples_lcs.out-n1048576-r1-c0-s0.000006-m6.out.1668104,1668104,8,320,320,._._examples_lcs.out,1048576,1,0,0.000006,6,6,6,512,8498183147,8.498183147,8377767542,8.377767542,202136145,0.202136145,8313367799,8.313367799,25399941216,25.399941216,16.901758068999996,16.893271486000003,5592405,5592405,5592405,37639,287,14031,35454,194666985,222189,220856641,152,239,568,1658,35806,141346971,68286581,70921298,7685,28701311,28466648,0,0,0,0,0,0,0,0,0,0,0,0,0,0,0,0,0,4,0,4,0,4,4,0,0,0,0,4,0,0,"(437,152):down:671;(331,1012):down:864;(337,1009):down:837;(65,1740):down:739;(812,552):down:538;(928,494):right:59"
ok,0,itoyorifutures-numNodes8-numCores320-totalCores320-._._examples_lcs.out-n1048576-r1-c0-s0.000006-m6.out.1668105,1668105,8,320,320,._._examples_lcs.out,1048576,1,0,0.000006,6,6,6,512,8334941368,8.334941368,8228005832,8.228005832,175826257,0.175826257,8168466464,8.168466464,24914984767,24.914984767,16.580043398999997,16.572298553,5592405,5592405,5592405,38394,244,11878,22110,169307444,160366,212633137,134,483,388,1197,40343,133665051,64437033,66966111,8408,27056357,26815514,1,0,1,8200,8200,145682,7,0,1,0,1,0,0,0,0,0,0,4,0,4,0,4,4,0,0,0,0,4,0,0,"(437,152):down:671;(337,1009):down:837;(331,1012):down:864;(812,552):down:538;(928,494):right:59;(65,1740):down:739"
ok,0,itoyorifutures-numNodes8-numCores320-totalCores320-._._examples_lcs.out-n1048576-r1-c0-s0.000006-m6.out.1668121,1668121,8,320,320,._._examples_lcs.out,1048576,1,0,0.000006,6,6,6,512,8467708974,8.467708974,8345553189,8.345553189,191177094,0.191177094,8259293409,8.259293409,25271277492,25.271277492,16.803568518,16.796023692,5592405,5592405,5592405,41664,269,12032,23746,183885511,253850,235120022,175,333,474,932,39996,148000371,71062548,74781030,7979,29027320,28801918,0,0,0,0,0,0,0,0,0,0,0,0,0,0,0,0,0,4,0,4,0,4,4,0,0,0,0,4,0,0,"(437,152):down:671;(331,1012):down:864;(337,1009):down:837;(928,494):right:59;(65,1740):down:739;(812,552):down:538"
ok,0,itoyorifutures-numNodes8-numCores320-totalCores320-._._examples_lcs.out-n1048576-r1-c0-s0.000006-m6.out.1668122,1668122,8,320,320,._._examples_lcs.out,1048576,1,0,0.000006,6,6,6,512,8293646512,8.293646512,8185748205,8.185748205,170984966,0.170984966,8093757219,8.093757219,24751344179,24.751344179,16.457697666999998,16.45049039,5592405,5592405,5592405,50484,382,11742,28755,164487371,188968,209733194,132,252,404,777,39586,129001019,62460571,64336856,8258,26561937,26320179,0,0,0,0,0,0,0,0,0,0,0,0,0,0,0,0,0,4,0,4,0,4,4,0,0,0,0,4,0,0,"(437,152):down:671;(337,1009):down:837;(331,1012):down:864;(928,494):right:59;(65,1740):down:739;(812,552):down:538"
incomplete,0,itoyorifutures-numNodes8-numCores320-totalCores320-._._examples_lcs.out-n1048576-r1-c0-s0.000006-m6.out.1668123,1668123,8,320,320,._._examples_lcs.out,1048576,1,0,0.000006,6,0,,,,,,,,,,,,,,,,,,,,,,,,,,,,,,,,,,,,,,,,,,,,,,,,,,,,,,,,,,,,,,,,,,
ok,0,itoyorifutures-numNodes8-numCores320-totalCores320-._._examples_lcs.out-n1048576-r1-c0-s0.000006-m6.out.1668125,1668125,8,320,320,._._examples_lcs.out,1048576,1,0,0.000006,6,6,6,512,8565434167,8.565434167,8464855435,8.464855435,189673556,0.189673556,9528764154,9.528764154,26758212115,26.758212115,18.192777948,18.183293145,5592405,5592405,5592405,36003,381,13509,25271,182622104,168593,248896984,125,217,407,913,40211,161076238,79760881,79099618,9814,37180338,36869388,1,0,1,8200,8200,126728,7,0,1,0,1,0,0,0,0,0,0,4,0,4,0,4,4,0,0,0,0,4,0,0,"(437,152):down:671;(331,1012):down:864;(928,494):right:59;(337,1009):down:837;(812,552):down:538;(65,1740):down:739"
ok,0,itoyorifutures-numNodes16-numCores640-totalCores640-._._examples_lcs.out-n1048576-r1-c0-s0.000002-m1.out.1667765,1667765,16,640,640,._._examples_lcs.out,1048576,1,0,0.000002,1,1,1,512,5662609780,5.66260978,5463228836,5.463228836,283959466,0.283959466,3127081237,3.127081237,14553374575,14.553374575,8.890764794999999,8.874269539,5592405,5592405,2796203,56484,264,16190,31222,265966258,200904,97669427,398,694,15786,115664,9615,71457757,39206129,31740452,4063,22391141,22273972,0,0,0,0,0,0,0,0,0,0,0,0,2,0,0,0,0,2,0,2,0,2,2,0,0,0,2,2,0,0,"(1507,569):down:1013"
ok,0,itoyorifutures-numNodes16-numCores640-totalCores640-._._examples_lcs.out-n1048576-r1-c0-s0.000002-m1.out.1667766,1667766,16,640,640,._._examples_lcs.out,1048576,1,0,0.000002,1,1,1,512,5646597641,5.646597641,5423468649,5.423468649,299797792,0.299797792,3117234193,3.117234193,14503495911,14.503495911,8.85689827,8.840500634,5592405,5592405,2796203,54972,254,16548,34297,281822047,243405,91596241,549,619,14789,181264,9509,72016257,39151852,32353131,4137,23019618,22902469,0,0,0,0,0,0,0,0,0,0,0,0,2,0,0,0,0,2,0,2,0,2,2,0,0,0,2,2,0,0,"(1507,569):down:1013"
ok,0,itoyorifutures-numNodes16-numCores640-totalCores640-._._examples_lcs.out-n1048576-r1-c0-s0.000002-m1.out.1667767,1667767,16,640,640,._._examples_lcs.out,1048576,1,0,0.000002,1,1,1,512,5541725239,5.541725239,5319752887,5.319752887,294458005,0.294458005,3048915973,3.048915973,14220294090,14.22029409,8.678568851,8.663126865,5592405,5592405,2796203,57640,366,17504,34256,276236974,226740,94750793,484,786,15045,165245,9436,73048650,39533162,33006790,3940,22061878,21948014,0,0,0,0,0,0,0,0,0,0,0,0,2,0,0,0,0,2,0,2,0,2,2,0,0,0,2,2,0,0,"(1507,569):down:1013"
ok,0,itoyorifutures-numNodes16-numCores640-totalCores640-._._examples_lcs.out-n1048576-r1-c0-s0.000002-m1.out.1667768,1667768,16,640,640,._._examples_lcs.out,1048576,1,0,0.000002,1,1,1,512,5576355102,5.576355102,5409128177,5.409128177,282696443,0.282696443,3086631384,3.086631384,14368789036,14.368789036,8.792433934000002,8.778456004,5592405,5592405,2796203,61303,246,16387,33380,265155006,246338,79855985,330,655,17635,182639,9056,69389523,36368245,32501777,4219,22768908,22640782,0,0,0,0,0,0,0,0,0,0,0,0,2,0,0,0,0,2,0,2,0,2,2,0,0,0,2,2,0,0,"(1507,569):down:1013"
ok,0,itoyorifutures-numNodes16-numCores640-totalCores640-._._examples_lcs.out-n1048576-r1-c0-s0.000002-m1.out.1667818,1667818,16,640,640,._._examples_lcs.out,1048576,1,0,0.000002,1,1,1,512,5759806203,5.759806203,5533166236,5.533166236,295011335,0.295011335,3157662807,3.157662807,14760100097,14.760100097,9.000293894,8.985840377999999,5592405,5592405,2796203,56813,541,16886,32835,276527881,259415,97139870,430,852,15599,173102,9594,74885311,40790921,33572810,3929,21812301,21697535,0,0,0,0,0,0,0,0,0,0,0,0,2,0,0,0,0,2,0,2,0,2,2,0,0,0,2,2,0,0,"(1507,569):down:1013"
ok,0,itoyorifutures-numNodes16-numCores640-totalCores640-._._examples_lcs.out-n1048576-r1-c0-s0.000002-m1.out.1667819,1667819,16,640,640,._._examples_lcs.out,1048576,1,0,0.000002,1,1,1,512,5695296766,5.695296766,5479204733,5.479204733,287633956,0.287633956,3090910197,3.090910197,14569166186,14.569166186,8.87386942,8.857748886,5592405,5592405,2796203,54531,248,16016,30682,270072653,221593,93709102,419,640,12123,180464,9453,69712012,38138563,31038276,4093,21613115,21488128,0,0,0,0,0,0,0,0,0,0,0,0,2,0,0,0,0,2,0,2,0,2,2,0,0,0,2,2,0,0,"(1507,569):down:1013"
ok,0,itoyorifutures-numNodes16-numCores640-totalCores640-._._examples_lcs.out-n1048576-r1-c0-s0.000002-m1.out.1667820,1667820,16,640,640,._._examples_lcs.out,1048576,1,0,0.000002,1,1,1,512,5588470431,5.588470431,5361844169,5.361844169,283409868,0.283409868,3102899240,3.10289924,14353376938,14.353376938,8.764906507,8.748153277,5592405,5592405,2796203,56437,303,23907,38911,265045292,230808,90753235,394,684,16000,178831,9096,70670837,38211238,31965783,3952,22592533,22473505,0,0,0,0,0,0,0,0,0,0,0,0,2,0,0,0,0,2,0,2,0,2,2,0,0,0,2,2,0,0,"(1507,569):down:1013"
incomplete,0,itoyorifutures-numNodes16-numCores640-totalCores640-._._examples_lcs.out-n1048576-r1-c0-s0.000002-m1.out.1667821,1667821,16,640,640,._._examples_lcs.out,1048576,1,0,0.000002,1,0,,,,,,,,,,,,,,,,,,,,,,,,,,,,,,,,,,,,,,,,,,,,,,,,,,,,,,,,,,,,,,,,,,
ok,0,itoyorifutures-numNodes16-numCores640-totalCores640-._._examples_lcs.out-n1048576-r1-c0-s0.000002-m1.out.1667822,1667822,16,640,640,._._examples_lcs.out,1048576,1,0,0.000002,1,1,1,512,5774138005,5.774138005,5616321582,5.616321582,360002568,0.360002568,3230290442,3.230290442,14995607270,14.99560727,9.221469265,9.206614592,5592405,5592405,2796203,54086,260,17425,32055,342398549,242589,99766571,461,1114,13330,178842,9998,72342643,39500927,32299906,4055,21608221,21493117,0,0,0,0,0,0,0,0,0,0,0,0,2,0,0,0,0,2,0,2,0,2,2,0,0,0,2,2,0,0,"(1507,569):down:1013"
ok,0,itoyorifutures-numNodes16-numCores640-totalCores640-._._examples_lcs.out-n1048576-r1-c0-s0.000002-m1.out.1667838,1667838,16,640,640,._._examples_lcs.out,1048576,1,0,0.000002,1,1,1,512,5779813030,5.77981303,5583198037,5.583198037,280503823,0.280503823,3181840540,3.18184054,14841560006,14.841560006,9.061746976,9.0455424,5592405,5592405,2796203,61103,284,15399,29780,263385720,220183,99204300,547,773,12133,166966,10155,71524582,39164534,31807427,4152,21393936,21271973,0,0,0,0,0,0,0,0,0,0,0,0,2,0,0,0,0,2,0,2,0,2,2,0,0,0,2,2,0,0,"(1507,569):down:1013"
ok,0,itoyorifutures-numNodes16-numCores640-totalCores640-._._examples_lcs.out-n1048576-r1-c0-s0.000002-m1.out.1667839,1667839,16,640,640,._._examples_lcs.out,1048576,1,0,0.000002,1,1,1,512,5725761609,5.725761609,5573875251,5.573875251,289730368,0.289730368,3203577053,3.203577053,14808815727,14.808815727,9.083054118,9.067182672,5592405,5592405,2796203,53102,241,16797,32829,271908817,233640,91979384,438,707,20100,137202,9361,69426597,38394088,30486119,4134,22420616,22286341,0,0,0,0,0,0,0,0,0,0,0,0,2,0,0,0,0,2,0,2,0,2,2,0,0,0,2,2,0,0,"(1507,569):down:1013"
ok,0,itoyorifutures-numNodes16-numCores640-totalCores640-._._examples_lcs.out-n1048576-r1-c0-s0.000002-m1.out.1667841,1667841,16,640,640,._._examples_lcs.out,1048576,1,0,0.000002,1,1,1,512,5668267865,5.668267865,5462275116,5.462275116,284195152,0.284195152,3118205132,3.118205132,14549288682,14.549288682,8.881020817,8.8646754,5592405,5592405,2796203,54092,234,11077,21129,266524470,209568,92790202,374,772,12937,180229,9658,71075053,38614189,31915098,4125,22079868,21957431,0,0,0,0,0,0,0,0,0,0,0,0,2,0,0,0,0,2,0,2,0,2,2,0,0,0,2,2,0,0,"(1507,569):down:1013"
ok,0,itoyorifutures-numNodes16-numCores640-totalCores640-._._examples_lcs.out-n1048576-r1-c0-s0.000002-m1.out.1667842,1667842,16,640,640,._._examples_lcs.out,1048576,1,0,0.000002,1,1,1,512,5626936452,5.626936452,5425264882,5.425264882,279153385,0.279153385,3106224421,3.106224421,14452849544,14.452849544,8.825913092,8.810642688,5592405,5592405,2796203,61489,309,16086,29625,262944616,223292,90490436,482,667,12395,171426,9999,64918427,35937639,28427734,4239,19968372,19842472,0,0,0,0,0,0,0,0,0,0,0,0,2,0,0,0,0,2,0,2,0,2,2,0,0,0,2,2,0,0,"(1507,569):down:1013"
ok,0,itoyorifutures-numNodes16-numCores640-totalCores640-._._examples_lcs.out-n1048576-r1-c0-s0.000002-m1.out.1667858,1667858,16,640,640,._._examples_lcs.out,1048576,1,0,0.000002,1,1,1,512,5603065403,5.603065403,5429823922,5.429823922,282409910,0.28240991,3070588992,3.070588992,14400533092,14.400533092,8.797467689,8.782822824,5592405,5592405,2796203,53369,366,14439,27832,266171507,242197,95775875,1075,825,14044,133569,10078,64525508,35974950,27994367,4140,19819248,19689217,0,0,0,0,0,0,0,0,0,0,0,0,2,0,0,0,0,2,0,2,0,2,2,0,0,0,2,2,0,0,"(1507,569):down:1013"
ok,0,itoyorifutures-numNodes16-numCores640-totalCores640-._._examples_lcs.out-n1048576-r1-c0-s0.000002-m1.out.1667859,1667859,16,640,640,._._examples_lcs.out,1048576,1,0,0.000002,1,1,1,512,5728398209,5.728398209,5580639549,5.580639549,280881819,0.280881819,3241543828,3.241543828,14845346720,14.84534672,9.116948511,9.103065196,5592405,5592405,2796203,61522,268,16797,31632,263496897,229235,93961866,471,762,14347,152459,9649,69702196,38275161,30893282,4149,21497752,21372301,0,0,0,0,0,0,0,0,0,0,0,0,2,0,0,0,0,2,0,2,0,2,2,0,0,0,2,2,0,0,"(1507,569):down:1013"
ok,0,itoyorifutures-numNodes16-numCores640-totalCores640-._._examples_lcs.out-n1048576-r1-c0-s0.000002-m1.out.1667860,1667860,16,640,640,._._examples_lcs.out,1048576,1,0,0.000002,1,1,1,512,5732020746,5.732020746,5579532220,5.57953222,289574982,0.289574982,3206557466,3.206557466,14823872479,14.823872479,9.091851733,9.075664668,5592405,5592405,2796203,53062,235,17173,33500,271487274,213527,91788980,531,711,14256,175407,9077,69263129,38205864,30520026,4091,22419196,22290683,0,0,0,0,0,0,0,0,0,0,0,0,2,0,0,0,0,2,0,2,0,2,2,0,0,0,2,2,0,0,"(1507,569):down:1013"
ok,0,itoyorifutures-numNodes16-numCores640-totalCores640-._._examples_lcs.out-n1048576-r1-c0-s0.000002-m1.out.1667861,1667861,16,640,640,._._examples_lcs.out,1048576,1,0,0.000002,1,1,1,512,5693057829,5.693057829,5494809902,5.494809902,288487494,0.288487494,3136598617,3.136598617,14628673430,14.62867343,8.935615600999999,8.919896013,5592405,5592405,2796203,59789,249,17022,32598,270589761,216265,97876152,777,678,14745,179749,9752,72791398,40014228,32235183,3977,21715980,21595598,0,0,0,0,0,0,0,0,0,0,0,0,2,0,0,0,0,2,0,2,0,2,2,0,0,0,2,2,0,0,"(1507,569):down:1013"
ok,0,itoyorifutures-numNodes16-numCores640-totalCores640-._._examples_lcs.out-n1048576-r1-c0-s0.000002-m1.out.1667862,1667862,16,640,640,._._examples_lcs.out,1048576,1,0,0.000002,1,1,1,512,5528888445,5.528888445,5327681156,5.327681156,291946437,0.291946437,3033503364,3.033503364,14198209770,14.19820977,8.669321325,8.653130957,5592405,5592405,2796203,57093,283,15662,31201,274065525,225581,85867159,474,704,15150,175773,8807,67823391,36678818,30650449,4103,22372167,22248449,0,0,0,0,0,0,0,0,0,0,0,0,2,0,0,0,0,2,0,2,0,2,2,0,0,0,2,2,0,0,"(1507,569):down:1013"
ok,0,itoyorifutures-numNodes16-numCores640-totalCores640-._._examples_lcs.out-n1048576-r1-c0-s0.000002-m1.out.1667878,1667878,16,640,640,._._examples_lcs.out,1048576,1,0,0.000002,1,1,1,512,5632039732,5.632039732,5443563843,5.443563843,286710660,0.28671066,3109409040,3.10940904,14488765991,14.488765991,8.856726258999998,8.839683543,5592405,5592405,2796203,52866,343,16794,33109,268497811,222170,94348393,374,787,15499,159339,9615,73079421,39722975,32814814,4148,22774183,22645158,0,0,0,0,0,0,0,0,0,0,0,0,2,0,0,0,0,2,0,2,0,2,2,0,0,0,2,2,0,0,"(1507,569):down:1013"
ok,0,itoyorifutures-numNodes16-numCores640-totalCores640-._._examples_lcs.out-n1048576-r1-c0-s0.000002-m1.out.1667879,1667879,16,640,640,._._examples_lcs.out,1048576,1,0,0.000002,1,1,1,512,5603383498,5.603383498,5364215555,5.364215555,281740955,0.281740955,3046496077,3.046496077,14310127257,14.310127257,8.706743758999998,8.692452587,5592405,5592405,2796203,60372,279,15036,28731,264527844,237342,91273400,513,639,11715,153993,9965,63743227,35355315,27825412,4211,20027363,19891411,0,0,0,0,0,0,0,0,0,0,0,0,2,0,0,0,0,2,0,2,0,2,2,0,0,0,2,2,0,0,"(1507,569):down:1013"
ok,0,itoyorifutures-numNodes16-numCores640-totalCores640-._._examples_lcs.out-n1048576-r1-c0-s0.000002-m1.out.1667880,1667880,16,640,640,._._examples_lcs.out,1048576,1,0,0.000002,1,1,1,512,5748050822,5.748050822,5603411162,5.603411162,283801115,0.283801115,3139341244,3.139341244,14788245386,14.788245386,9.040194564,9.026553521,5592405,5592405,2796203,72994,300,15988,32283,266427357,245989,99224112,441,677,14861,157043,10103,71021866,38970902,31501097,4132,21157350,21036332,0,0,0,0,0,0,0,0,0,0,0,0,2,0,0,0,0,2,0,2,0,2,2,0,0,0,2,2,0,0,"(1507,569):down:1013"
ok,0,itoyorifutures-numNodes16-numCores640-totalCores640-._._examples_lcs.out-n1048576-r1-c0-s0.000002-m2.out.1667896,1667896,16,640,640,._._examples_lcs.out,1048576,1,0,0.000002,2,2,2,512,5733400064,5.733400064,5560156122,5.560156122,286440689,0.286440689,3181575501,3.181575501,14778650972,14.778650972,9.045250908,9.028172312,5592405,5592405,2796203,59430,389,16301,38471,268136964,218947,87271975,449,629,12860,175138,9558,76714754,39798246,36368541,4241,23801533,23674804,2187,2187,0,17933400,8200,102220501,3279,0,2187,2187,0,0,2,0,0,0,0,2,0,2,0,2,2,0,0,0,2,2,0,0,"(1507,569):down:1013;(1846,787):right:68"
ok,0,itoyorifutures-numNodes16-numCores640-totalCores640-._._examples_lcs.out-n1048576-r1-c0-s0.000002-m2.out.1667897,1667897,16,640,640,._._examples_lcs.out,1048576,1,0,0.000002,2,2,2,512,5650870923,5.650870923,5458145616,5.458145616,300788578,0.300788578,3129411457,3.129411457,14553577317,14.553577317,8.902706393999999,8.888345651,5592405,5592405,2796203,48849,238,16821,32627,282741417,235184,96163660,402,605,12696,176251,9691,71960900,39296454,32127269,3993,21552622,21432313,0,0,0,0,0,0,0,0,0,0,0,0,2,0,0,0,0,2,0,2,0,2,2,0,0,0,2,2,0,0,"(1507,569):down:1013;(1846,787):right:68"
ok,0,itoyorifutures-numNodes16-numCores640-totalCores640-._._examples_lcs.out-n1048576-r1-c0-s0.000002-m2.out.1667898,1667898,16,640,640,._._examples_lcs.out,1048576,1,0,0.000002,2,2,2,512,5715047728,5.715047728,5585203450,5.58520345,287884653,0.287884653,3178906881,3.178906881,14782974265,14.782974265,9.067926537,9.051994984,5592405,5592405,2796203,60789,259,15673,31194,270038878,219843,85525746,374,590,15563,179990,8999,68223322,37258677,30447260,4114,21914606,21785822,0,0,0,0,0,0,0,0,0,0,0,0,2,0,0,0,0,2,0,2,0,2,2,0,0,0,2,2,0,0,"(1507,569):down:1013;(1846,787):right:68"
ok,0,itoyorifutures-numNodes16-numCores640-totalCores640-._._examples_lcs.out-n1048576-r1-c0-s0.000002-m2.out.1667899,1667899,16,640,640,._._examples_lcs.out,1048576,1,0,0.000002,2,2,2,512,5670864312,5.670864312,5399188995,5.399188995,279517642,0.279517642,3058428942,3.058428942,14424687037,14.424687037,8.753822725,8.737135579,5592405,5592405,2796203,55012,292,15933,30795,262106210,211867,94426444,381,621,12527,157986,9496,70277584,38513201,31227750,3998,21199921,21072233,2187,2187,0,17933400,8200,102017728,3279,0,2187,2187,0,0,2,0,0,0,0,2,0,2,0,2,2,0,0,0,2,2,0,0,"(1507,569):down:1013;(1846,787):right:68"
ok,0,itoyorifutures-numNodes16-numCores640-totalCores640-._._examples_lcs.out-n1048576-r1-c0-s0.000002-m2.out.1667900,1667900,16,640,640,._._examples_lcs.out,1048576,1,0,0.000002,2,2,2,512,5658158833,5.658158833,5458187738,5.458187738,297724872,0.297724872,3111370471,3.111370471,14542162694,14.542162694,8.884003861,8.867283081,5592405,5592405,2796203,53397,304,397,309,279958190,126431,92631505,320,688,1490,115308,9416,71076253,38707880,31836724,4126,22643251,22517449,0,0,0,0,0,0,0,0,0,0,0,0,2,0,0,0,0,2,0,2,0,2,2,0,0,0,2,2,0,0,"(1507,569):down:1013;(1846,787):right:68"
ok,0,itoyorifutures-numNodes16-numCores640-totalCores640-._._examples_lcs.out-n1048576-r1-c0-s0.000002-m2.out.1667916,1667916,16,640,640,._._examples_lcs.out,1048576,1,0,0.000002,2,2,2,512,5607102290,5.60710229,5362959815,5.362959815,298834738,0.298834738,3045108855,3.045108855,14328369694,14.328369694,8.721267403999999,8.706903408,5592405,5592405,2796203,62333,292,14177,27230,282760614,229560,90219683,458,1050,11859,149128,9917,65108166,35943998,28612325,4230,20285139,20160833,0,0,0,0,0,0,0,0,0,0,0,0,2,0,0,0,0,2,0,2,0,2,2,0,0,0,2,2,0,0,"(1507,569):down:1013;(1846,787):right:68"
ok,0,itoyorifutures-numNodes16-numCores640-totalCores640-._._examples_lcs.out-n1048576-r1-c0-s0.000002-m2.out.1667917,1667917,16,640,640,._._examples_lcs.out,1048576,1,0,0.000002,2,2,2,512,5681050263,5.681050263,5511777537,5.511777537,282343316,0.282343316,3104205797,3.104205797,14593243153,14.593243153,8.91219289,8.898326650000001,5592405,5592405,2796203,56137,293,16306,45407,264956801,222753,96792419,365,773,12911,168642,9922,71187957,38578661,32050838,4073,21222377,21100146,0,0,0,0,0,0,0,0,0,0,0,0,2,0,0,0,0,2,0,2,0,2,2,0,0,0,2,2,0,0,"(1507,569):down:1013;(1846,787):right:68"
ok,0,itoyorifutures-numNodes16-numCores640-totalCores640-._._examples_lcs.out-n1048576-r1-c0-s0.000002-m2.out.1667918,1667918,16,640,640,._._examples_lcs.out,1048576,1,0,0.000002,2,2,2,512,5769569357,5.769569357,5644454711,5.644454711,285800550,0.28580055,3225686129,3.225686129,14942548566,14.942548566,9.172979209,9.15594139,5592405,5592405,2796203,52698,296,14626,28509,267816438,161281,96971469,443,726,12422,148456,9515,72870417,39385752,32942155,3962,22015322,21898012,0,0,0,0,0,0,0,0,0,0,0,0,2,0,0,0,0,2,0,2,0,2,2,0,0,0,2,2,0,0,"(1507,569):down:1013;(1846,787):right:68"
ok,0,itoyorifutures-numNodes16-numCores640-totalCores640-._._examples_lcs.out-n1048576-r1-c0-s0.000002-m2.out.1667919,1667919,16,640,640,._._examples_lcs.out,1048576,1,0,0.000002,2,2,2,512,5696398517,5.696398517,5469324686,5.469324686,284187652,0.284187652,3128941565,3.128941565,14595006881,14.595006881,8.898608364,8.882453903,5592405,5592405,2796203,58587,309,16524,32748,266598079,222500,92706317,516,700,12977,140767,9459,70914972,38434476,31948119,4065,21771736,21648423,2187,2187,0,17933400,8200,101265568,3279,0,2187,2187,0,0,2,0,0,0,0,2,0,2,0,2,2,0,0,0,2,2,0,0,"(1507,569):down:1013;(1846,787):right:68"
ok,0,itoyorifutures-numNodes16-numCores640-totalCores640-._._examples_lcs.out-n1048576-r1-c0-s0.000002-m2.out.1667920,1667920,16,640,640,._._examples_lcs.out,1048576,1,0,0.000002,2,2,2,512,5724976077,5.724976077,5526202159,5.526202159,381481106,0.381481106,3179971447,3.179971447,14828494869,14.828494869,9.103518792,9.087654711999999,5592405,5592405,2796203,62238,297,15948,30636,363847574,248667,88514909,351,645,12271,155703,9093,68012696,37083048,30415756,4009,21223435,21100049,1055,1054,1,8651000,8200,49139659,1586,0,1055,1054,1,0,2,0,0,0,0,2,0,2,0,2,2,0,0,0,2,2,0,0,"(1507,569):down:1013;(1846,787):right:68"
ok,0,itoyorifutures-numNodes16-numCores640-totalCores640-._._examples_lcs.out-n1048576-r1-c0-s0.000002-m3.out.1667948,1667948,16,640,640,._._examples_lcs.out,1048576,1,0,0.000002,3,2,3,512,5607992502,5.607992502,5381163518,5.381163518,283052576,0.283052576,3071993098,3.071993098,14360926771,14.360926771,8.752934269,8.736209192,5592405,5592405,2796203,48643,288,16308,30842,265424520,254907,84032599,495,708,12922,161879,8874,68675796,36969926,31185259,4063,21550711,21418945,0,0,0,0,0,0,0,0,0,0,0,0,2,0,0,0,0,2,0,2,0,2,2,0,0,0,2,2,0,0,"(1507,569):down:1013;(1846,787):right:68"
ok,0,itoyorifutures-numNodes16-numCores640-totalCores640-._._examples_lcs.out-n1048576-r1-c0-s0.000002-m3.out.1667949,1667949,16,640,640,._._examples_lcs.out,1048576,1,0,0.000002,3,2,3,512,5667067977,5.667067977,5463622539,5.463622539,288058080,0.28805808,3100008215,3.100008215,14534600873,14.534600873,8.867532896,8.851688834,5592405,5592405,2796203,54341,292,16088,32402,270077976,228718,95023697,460,644,19888,178023,9403,72278605,39178428,32573670,3963,21465684,21345881,0,0,0,0,0,0,0,0,0,0,0,0,2,0,0,0,0,2,0,2,0,2,2,0,0,0,2,2,0,0,"(1507,569):down:1013;(1846,787):right:68"
ok,0,itoyorifutures-numNodes16-numCores640-totalCores640-._._examples_lcs.out-n1048576-r1-c0-s0.000002-m3.out.1667950,1667950,16,640,640,._._examples_lcs.out,1048576,1,0,0.000002,3,2,3,512,5663125817,5.663125817,5371659159,5.371659159,278260081,0.278260081,3045456127,3.045456127,14372846312,14.372846312,8.709720495,8.695375367,5592405,5592405,2796203,47287,346,14384,27552,262178297,167773,93570668,501,706,11387,126879,9967,64223526,35892559,27776867,4190,19832949,19709386,0,0,0,0,0,0,0,0,0,0,0,0,2,0,0,0,0,2,0,2,0,2,2,0,0,0,2,2,0,0,"(1507,569):down:1013;(1846,787):right:68"
ok,0,itoyorifutures-numNodes16-numCores640-totalCores640-._._examples_lcs.out-n1048576-r1-c0-s0.000002-m3.out.1667951,1667951,16,640,640,._._examples_lcs.out,1048576,1,0,0.000002,3,2,3,512,5665785372,5.665785372,5476820171,5.476820171,289534805,0.289534805,3138734562,3.138734562,14584579625,14.584579625,8.918794253,8.905089537999999,5592405,5592405,2796203,51189,225,16517,32298,272236023,224016,102601795,612,820,12070,168295,10192,71705647,39584967,31573406,4062,21094273,20973764,0,0,0,0,0,0,0,0,0,0,0,0,2,0,0,0,0,2,0,2,0,2,2,0,0,0,2,2,0,0,"(1507,569):down:1013;(1846,787):right:68"
ok,0,itoyorifutures-numNodes16-numCores640-totalCores640-._._examples_lcs.out-n1048576-r1-c0-s0.000002-m3.out.1667952,1667952,16,640,640,._._examples_lcs.out,1048576,1,0,0.000002,3,2,3,512,5765177514,5.765177514,5583401164,5.583401164,287346418,0.287346418,3182717600,3.1827176,14835522675,14.835522675,9.070345160999999,9.053465182,5592405,5592405,2796203,59833,293,16347,32946,269203975,249280,92904417,552,1065,22866,171624,9369,71853438,38912296,32389522,3961,21766498,21646795,0,0,0,0,0,0,0,0,0,0,0,0,2,0,0,0,0,2,0,2,0,2,2,0,0,0,2,2,0,0,"(1507,569):down:1013;(1846,787):right:68"
ok,0,itoyorifutures-numNodes16-numCores640-totalCores640-._._examples_lcs.out-n1048576-r1-c0-s0.000002-m4.out.1667973,1667973,16,640,640,._._examples_lcs.out,1048576,1,0,0.000002,4,2,4,512,5655648624,5.655648624,5498398367,5.498398367,280991008,0.280991008,3122198039,3.122198039,14572261538,14.572261538,8.916612913999998,8.901587414,5592405,5592405,2796203,48705,306,16621,32893,263362140,242533,94181016,343,690,12356,182879,9686,71763617,39254394,31967240,4115,21984066,21859479,0,0,0,0,0,0,0,0,0,0,0,0,2,0,0,0,0,2,0,2,0,2,2,0,0,0,2,2,0,0,"(1507,569):down:1013;(1846,787):right:68"
ok,0,itoyorifutures-numNodes16-numCores640-totalCores640-._._examples_lcs.out-n1048576-r1-c0-s0.000002-m4.out.1667974,1667974,16,640,640,._._examples_lcs.out,1048576,1,0,0.000002,4,2,4,512,5784856483,5.784856483,5568254078,5.568254078,277425501,0.277425501,3172695834,3.172695834,14818751252,14.818751252,9.033894769,9.018375413,5592405,5592405,2796203,58428,281,16458,32582,259853914,230890,84468666,406,1162,14877,161316,8898,67084485,36494397,30070354,4236,22195437,22062895,0,0,0,0,0,0,0,0,0,0,0,0,2,0,0,0,0,2,0,2,0,2,2,0,0,0,2,2,0,0,"(1507,569):down:1013;(1846,787):right:68"
ok,0,itoyorifutures-numNodes16-numCores640-totalCores640-._._examples_lcs.out-n1048576-r1-c0-s0.000002-m4.out.1667976,1667976,16,640,640,._._examples_lcs.out,1048576,1,0,0.000002,4,2,4,512,5574580785,5.574580785,5377385136,5.377385136,283566789,0.283566789,3057205892,3.057205892,14308198447,14.308198447,8.733617662,8.718157817,5592405,5592405,2796203,53913,251,20433,32148,266087536,216607,89771203,371,1150,12794,137885,9100,66392813,36662834,29198653,4059,21804385,21677660,0,0,0,0,0,0,0,0,0,0,0,0,2,0,0,0,0,2,0,2,0,2,2,0,0,0,2,2,0,0,"(1507,569):down:1013;(1846,787):right:68"
ok,0,itoyorifutures-numNodes16-numCores640-totalCores640-._._examples_lcs.out-n1048576-r1-c0-s0.000002-m4.out.1668002,1668002,16,640,640,._._examples_lcs.out,1048576,1,0,0.000002,4,2,4,512,5575361035,5.575361035,5358760539,5.358760539,275013203,0.275013203,3045482839,3.045482839,14268740439,14.268740439,8.693379404,8.679256581,5592405,5592405,2796203,57751,375,14522,28116,258934194,218954,93170911,439,713,11293,140419,10012,64724208,36069194,28075821,4207,20331061,20206500,0,0,0,0,0,0,0,0,0,0,0,0,2,0,0,0,0,2,0,2,0,2,2,0,0,0,2,2,0,0,"(1507,569):down:1013;(1846,787):right:68"
ok,0,itoyorifutures-numNodes16-numCores640-totalCores640-._._examples_lcs.out-n1048576-r1-c0-s0.000002-m4.out.1668003,1668003,16,640,640,._._examples_lcs.out,1048576,1,0,0.000002,4,2,4,512,5711557081,5.711557081,5495165432,5.495165432,285477054,0.285477054,3138228685,3.138228685,14644372847,14.644372847,8.932815766000001,8.918871171000001,5592405,5592405,2796203,56993,584,16517,44523,267805996,215137,96407879,422,1128,13238,164031,9791,69612573,38287505,30772783,4104,21748625,21628247,0,0,0,0,0,0,0,0,0,0,0,0,2,0,0,0,0,2,0,2,0,2,2,0,0,0,2,2,0,0,"(1507,569):down:1013;(1846,787):right:68"
ok,0,itoyorifutures-numNodes16-numCores640-totalCores640-._._examples_lcs.out-n1048576-r1-c0-s0.000002-m4.out.1668004,1668004,16,640,640,._._examples_lcs.out,1048576,1,0,0.000002,4,2,4,512,5665682382,5.665682382,5493088424,5.493088424,280387681,0.280387681,3122779842,3.122779842,14577110093,14.577110093,8.911427711,8.896255947,5592405,5592405,2796203,57405,280,16995,32790,262826068,224178,102899349,323,682,12673,167038,10067,72568879,39934732,32067965,4005,21335467,21211626,0,0,0,0,0,0,0,0,0,0,0,0,2,0,0,0,0,2,0,2,0,2,2,0,0,0,2,2,0,0,"(1507,569):down:1013;(1846,787):right:68"
ok,0,itoyorifutures-numNodes16-numCores640-totalCores640-._._examples_lcs.out-n1048576-r1-c0-s0.000002-m4.out.1668006,1668006,16,640,640,._._examples_lcs.out,1048576,1,0,0.000002,4,2,4,512,5738976610,5.73897661,5617610881,5.617610881,285620620,0.28562062,3187957155,3.187957155,14847076146,14.847076146,9.108099536,9.091188656,5592405,5592405,2796203,55036,303,21282,34018,267382047,227082,94523402,592,838,13112,181443,9308,72963965,39337769,33085852,4086,22915165,22790508,0,0,0,0,0,0,0,0,0,0,0,0,2,0,0,0,0,2,0,2,0,2,2,0,0,0,2,2,0,0,"(1507,569):down:1013;(1846,787):right:68"
ok,0,itoyorifutures-numNodes16-numCores640-totalCores640-._._examples_lcs.out-n1048576-r1-c0-s0.000006-m3.out.1668066,1668066,16,640,640,._._examples_lcs.out,1048576,1,0,0.000006,3,3,3,512,5788025078,5.788025078,5592237484,5.592237484,281933268,0.281933268,4540865226,4.540865226,16219958039,16.219958039,10.431932961000001,10.415035978,5592405,5592405,4194304,62322,246,21264,34231,263561504,285591,140737580,330,278,425,753,13870,106643600,57178329,48651853,5753,31000327,30813294,0,0,0,0,0,0,0,0,0,0,0,0,1,0,0,0,0,3,0,3,0,3,3,0,0,0,1,3,0,0,"(331,1012):down:864;(337,1009):down:837;(65,1740):down:739"
ok,0,itoyorifutures-numNodes16-numCores640-totalCores640-._._examples_lcs.out-n1048576-r1-c0-s0.000006-m3.out.1668067,1668067,16,640,640,._._examples_lcs.out,1048576,1,0,0.000006,3,3,3,512,5781202101,5.781202101,5578589670,5.57858967,283545892,0.283545892,4528328079,4.528328079,16189290103,16.189290103,10.408088002000001,10.390463641,5592405,5592405,4194304,52122,276,5760,10918,266033840,168500,144196170,184,263,442,979,14450,106368498,56994767,48578726,5771,30472542,30301217,0,0,0,0,0,0,0,0,0,0,0,0,1,0,0,0,0,3,0,3,0,3,3,0,0,0,1,3,0,0,"(331,1012):down:864;(337,1009):down:837;(65,1740):down:739"
ok,0,itoyorifutures-numNodes16-numCores640-totalCores640-._._examples_lcs.out-n1048576-r1-c0-s0.000006-m3.out.1668068,1668068,16,640,640,._._examples_lcs.out,1048576,1,0,0.000006,3,3,3,512,5625304194,5.625304194,5426233424,5.426233424,285708292,0.285708292,4404944727,4.404944727,15757788583,15.757788583,10.132484389,10.116886443,5592405,5592405,4194304,55442,266,18797,31451,267704802,216689,142890229,162,291,505,996,14408,107704035,57376050,49522712,5753,30342935,30167960,0,0,0,0,0,0,0,0,0,0,0,0,1,0,0,0,0,3,0,3,0,3,3,0,0,0,1,3,0,0,"(337,1009):down:837;(331,1012):down:864;(65,1740):down:739"
ok,0,itoyorifutures-numNodes16-numCores640-totalCores640-._._examples_lcs.out-n1048576-r1-c0-s0.000006-m3.out.1668069,1668069,16,640,640,._._examples_lcs.out,1048576,1,0,0.000006,3,3,3,512,5665443803,5.665443803,5452199660,5.45219966,273697360,0.27369736,4413602776,4.413602776,15819628283,15.819628283,10.154184480000001,10.139499795999999,5592405,5592405,4194304,56597,292,15835,33933,256958614,209643,143051996,245,358,492,831,15114,102908627,56015501,46062241,5870,28622565,28446451,0,0,0,0,0,0,0,0,0,0,0,0,1,0,0,0,0,3,0,3,0,3,3,0,0,0,1,3,0,0,"(331,1012):down:864;(337,1009):down:837;(65,1740):down:739"
ok,0,itoyorifutures-numNodes16-numCores640-totalCores640-._._examples_lcs.out-n1048576-r1-c0-s0.000006-m3.out.1668070,1668070,16,640,640,._._examples_lcs.out,1048576,1,0,0.000006,3,3,3,512,5721647371,5.721647371,5549010465,5.549010465,285869741,0.285869741,4550234537,4.550234537,16123754296,16.123754296,10.402106925000002,10.385114742999999,5592405,5592405,4194304,52429,228,16783,32713,267761935,235085,128444388,224,278,357,965,13699,108735974,56295684,51646313,5977,33744511,33564814,0,0,0,0,0,0,0,0,0,0,0,0,1,0,0,0,0,3,0,3,0,3,3,0,0,0,1,3,0,0,"(331,1012):down:864;(337,1009):down:837;(65,1740):down:739"
incomplete,0,itoyorifutures-numNodes16-numCores640-totalCores640-._._examples_lcs.out-n1048576-r1-c0-s0.000006-m3.out.1668086,1668086,16,640,640,._._examples_lcs.out,1048576,1,0,0.000006,3,0,,,,,,,,,,,,,,,,,,,,,,,,,,,,,,,,,,,,,,,,,,,,,,,,,,,,,,,,,,,,,,,,,,
ok,0,itoyorifutures-numNodes16-numCores640-totalCores640-._._examples_lcs.out-n1048576-r1-c0-s0.000006-m3.out.1668087,1668087,16,640,640,._._examples_lcs.out,1048576,1,0,0.000006,3,3,3,512,5596971969,5.596971969,5356017831,5.356017831,275708405,0.275708405,4342681147,4.342681147,15585648546,15.585648546,9.988676577,9.974407382999999,5592405,5592405,4194304,53461,223,9616,18085,259679620,205501,129567807,230,324,663,1177,14797,97542732,52327566,44392591,6192,29200832,29013544,0,0,0,0,0,0,0,0,0,0,0,0,1,0,0,0,0,3,0,3,0,3,3,0,0,0,1,3,0,0,"(337,1009):down:837;(331,1012):down:864;(65,1740):down:739"
ok,0,itoyorifutures-numNodes16-numCores640-totalCores640-._._examples_lcs.out-n1048576-r1-c0-s0.000006-m3.out.1668088,1668088,16,640,640,._._examples_lcs.out,1048576,1,0,0.000006,3,3,3,512,5581910852,5.581910852,5357637086,5.357637086,272849707,0.272849707,4344744558,4.344744558,15572574427,15.572574427,9.990663575,9.975231351000001,5592405,5592405,4194304,54701,302,15796,30692,255564001,218169,134828691,308,342,492,698,13714,100459041,54711842,44953968,5798,30331627,30152606,0,0,0,0,0,0,0,0,0,0,0,0,1,0,0,0,0,3,0,3,0,3,3,0,0,0,1,3,0,0,"(331,1012):down:864;(337,1009):down:837;(65,1740):down:739"
ok,0,itoyorifutures-numNodes16-numCores640-totalCores640-._._examples_lcs.out-n1048576-r1-c0-s0.000006-m3.out.1668089,1668089,16,640,640,._._examples_lcs.out,1048576,1,0,0.000006,3,3,3,512,5778839860,5.77883986,5611307905,5.611307905,284488392,0.284488392,4556028505,4.556028505,16248862935,16.248862935,10.470023074999999,10.451824802,5592405,5592405,4194304,69698,310,17067,34147,266218380,247568,135868729,236,386,517,1440,13346,105083944,56204023,48076015,5583,30915389,30740480,0,0,0,0,0,0,0,0,0,0,0,0,1,0,0,0,0,3,0,3,0,3,3,0,0,0,1,3,0,0,"(331,1012):down:864;(337,1009):down:837;(65,1740):down:739"
ok,0,itoyorifutures-numNodes16-numCores640-totalCores640-._._examples_lcs.out-n1048576-r1-c0-s0.000006-m3.out.1668090,1668090,16,640,640,._._examples_lcs.out,1048576,1,0,0.000006,3,3,3,512,5813059041,5.813059041,5581984335,5.581984335,282059736,0.282059736,4572659718,4.572659718,16266416155,16.266416155,10.453357114000003,10.436703789,5592405,5592405,4194304,58653,272,16572,32338,264387896,243884,142643993,238,245,478,1342,14454,107634308,57953956,48865063,5778,30242510,30065299,0,0,0,0,0,0,0,0,0,0,0,0,1,0,0,0,0,3,0,3,0,3,3,0,0,0,1,3,0,0,"(331,1012):down:864;(337,1009):down:837;(65,1740):down:739"
ok,0,itoyorifutures-numNodes16-numCores640-totalCores640-._._examples_lcs.out-n1048576-r1-c0-s0.000006-m3.out.1668148,1668148,16,640,640,._._examples_lcs.out,1048576,1,0,0.000006,3,3,3,512,5659712164,5.659712164,5450440971,5.450440971,289909177,0.289909177,4416412643,4.416412643,15832663213,15.832663213,10.172951049,10.156762791,5592405,5592405,4194304,52120,254,16650,32646,271662203,225890,143981667,269,260,404,761,13627,103904925,54690444,48453336,5481,29066406,28905703,0,0,0,0,0,0,0,0,0,0,0,0,1,0,0,0,0,3,0,3,0,3,3,0,0,0,1,3,0,0,"(331,1012):down:864;(337,1009):down:837;(65,1740):down:739"
ok,0,itoyorifutures-numNodes16-numCores640-totalCores640-._._examples_lcs.out-n1048576-r1-c0-s0.000006-m3.out.1668150,1668150,16,640,640,._._examples_lcs.out,1048576,1,0,0.000006,3,3,3,512,5704158377,5.704158377,5538615372,5.538615372,280413285,0.280413285,4484111337,4.484111337,16024008309,16.024008309,10.319849932,10.303139993999999,5592405,5592405,4194304,60963,283,16682,40463,262471226,239732,139088162,230,272,543,1182,13990,107818956,57237728,49781118,5685,30791514,30616349,0,0,0,0,0,0,0,0,0,0,0,0,1,0,0,0,0,3,0,3,0,3,3,0,0,0,1,3,0,0,"(331,1012):down:864;(337,1009):down:837;(65,1740):down:739"
ok,0,itoyorifutures-numNodes16-numCores640-totalCores640-._._examples_lcs.out-n1048576-r1-c0-s0.000006-m3.out.1668151,1668151,16,640,640,._._examples_lcs.out,1048576,1,0,0.000006,3,3,3,512,5638395943,5.638395943,5444293848,5.444293848,278600480,0.27860048,4410140495,4.410140495,15785041151,15.785041151,10.146645207999999,10.133034823,5592405,5592405,4194304,55356,236,5180,9924,261581762,145085,147484552,360,264,410,1183,15169,107841110,57690626,49311493,5779,29610016,29437592,2187,2187,0,17933400,8200,95677699,3279,0,2187,2187,0,0,1,0,0,0,0,3,0,3,0,3,3,0,0,0,1,3,0,0,"(331,1012):down:864;(337,1009):down:837;(65,1740):down:739"
ok,0,itoyorifutures-numNodes16-numCores640-totalCores640-._._examples_lcs.out-n1048576-r1-c0-s0.000006-m3.out.1668152,1668152,16,640,640,._._examples_lcs.out,1048576,1,0,0.000006,3,3,3,512,5556758325,5.556758325,5349665679,5.349665679,279416038,0.279416038,4355447597,4.355447597,15558618218,15.558618218,10.001859892999999,9.984529314,5592405,5592405,4194304,54647,311,16708,32612,261927494,231280,137751670,158,226,441,828,13859,101498795,54842682,45868475,5721,30070290,29899105,0,0,0,0,0,0,0,0,0,0,0,0,1,0,0,0,0,3,0,3,0,3,3,0,0,0,1,3,0,0,"(331,1012):down:864;(337,1009):down:837;(65,1740):down:739"
ok,0,itoyorifutures-numNodes16-numCores640-totalCores640-._._examples_lcs.out-n1048576-r1-c0-s0.000006-m4.out.1668170,1668170,16,640,640,._._examples_lcs.out,1048576,1,0,0.000006,4,4,4,512,5577225369,5.577225369,5393984843,5.393984843,274984313,0.274984313,5372817105,5.372817105,16634076396,16.634076396,11.056851027,11.041786261,5592405,5592405,5592405,56494,517,16437,33486,257799308,254151,159602766,507,318,431,1040,18243,123452978,62138826,60270628,6279,32594871,32408418,1,0,1,8200,8200,138535,7,0,1,0,1,0,0,0,0,0,0,4,0,4,0,4,4,0,0,0,0,4,0,0,"(437,152):down:671;(331,1012):down:864;(337,1009):down:837;(65,1740):down:739"
ok,0,itoyorifutures-numNodes16-numCores640-totalCores640-._._examples_lcs.out-n1048576-r1-c0-s0.000006-m4.out.1668171,1668171,16,640,640,._._examples_lcs.out,1048576,1,0,0.000006,4,4,4,512,5692966974,5.692966974,5504150399,5.504150399,274664153,0.274664153,5440207402,5.440207402,16926130793,16.926130793,11.233163818999998,11.219021954,5592405,5592405,5592405,59003,255,17088,32915,256800486,234637,185970291,267,244,576,1352,19765,130238614,67378571,61774306,6049,30660217,30487920,0,0,0,0,0,0,0,0,0,0,0,0,0,0,0,0,0,4,0,4,0,4,4,0,0,0,0,4,0,0,"(437,152):down:671;(331,1012):down:864;(337,1009):down:837;(65,1740):down:739"
ok,0,itoyorifutures-numNodes16-numCores640-totalCores640-._._examples_lcs.out-n1048576-r1-c0-s0.000006-m4.out.1668172,1668172,16,640,640,._._examples_lcs.out,1048576,1,0,0.000006,4,4,4,512,5541705265,5.541705265,5336997435,5.336997435,251442404,0.251442404,5238721970,5.23872197,16385464015,16.385464015,10.84375875,10.827161809,5592405,5592405,5592405,55695,242,16859,32100,233597906,248955,175609205,198,166,395,1178,18829,122563972,63214315,58322132,5952,30979420,30809530,0,0,0,0,0,0,0,0,0,0,0,0,0,0,0,0,0,4,0,4,0,4,4,0,0,0,0,4,0,0,"(437,152):down:671;(337,1009):down:837;(331,1012):down:864;(65,1740):down:739"
ok,0,itoyorifutures-numNodes16-numCores640-totalCores640-._._examples_lcs.out-n1048576-r1-c0-s0.000006-m4.out.1668173,1668173,16,640,640,._._examples_lcs.out,1048576,1,0,0.000006,4,4,4,512,5645368565,5.645368565,5442422670,5.44242267,272464550,0.27246455,5349965141,5.349965141,16725362678,16.725362678,11.079994113,11.064852361,5592405,5592405,5592405,54186,517,20960,32695,255012354,235343,183702813,227,349,973,1128,20310,125994942,65387622,59514161,6006,30314658,30144254,0,0,0,0,0,0,0,0,0,0,0,0,0,0,0,0,0,4,0,4,0,4,4,0,0,0,0,4,0,0,"(437,152):down:671;(331,1012):down:864;(337,1009):down:837;(65,1740):down:739"
ok,0,itoyorifutures-numNodes16-numCores640-totalCores640-._._examples_lcs.out-n1048576-r1-c0-s0.000006-m5.out.1668026,1668026,16,640,640,._._examples_lcs.out,1048576,1,0,0.000006,5,5,5,512,5658660365,5.658660365,5453035218,5.453035218,270872993,0.270872993,5359068717,5.359068717,16758227594,16.758227594,11.099567229000002,11.082976928,5592405,5592405,5592405,56820,243,16291,32577,253472747,233191,169897076,174,254,462,925,18355,119135255,62386672,55658155,6196,30717608,30526930,0,0,0,0,0,0,0,0,0,0,0,0,0,0,0,0,0,4,0,4,0,4,4,0,0,0,0,4,0,0,"(437,152):down:671;(331,1012):down:864;(337,1009):down:837;(812,552):down:538;(65,1740):down:739"
ok,0,itoyorifutures-numNodes16-numCores640-totalCores640-._._examples_lcs.out-n1048576-r1-c0-s0.000006-m5.out.1668028,1668028,16,640,640,._._examples_lcs.out,1048576,1,0,0.000006,5,5,5,512,5594304305,5.594304305,5369971352,5.369971352,254842084,0.254842084,5281731487,5.281731487,16516322970,16.51632297,10.922018665000001,10.906544923,5592405,5592405,5592405,56698,286,16890,32504,237517947,230394,169662706,196,264,651,878,18356,118186307,61415347,55702356,5892,29584196,29400576,0,0,0,0,0,0,0,0,0,0,0,0,0,0,0,0,0,4,0,4,0,4,4,0,0,0,0,4,0,0,"(437,152):down:671;(331,1012):down:864;(337,1009):down:837;(812,552):down:538;(65,1740):down:739"
incomplete,0,itoyorifutures-numNodes16-numCores640-totalCores640-._._examples_lcs.out-n1048576-r1-c0-s0.000006-m5.out.1668029,1668029,16,640,640,._._examples_lcs.out,1048576,1,0,0.000006,5,0,,,,,,,,,,,,,,,,,,,,,,,,,,,,,,,,,,,,,,,,,,,,,,,,,,,,,,,,,,,,,,,,,,
ok,0,itoyorifutures-numNodes16-numCores640-totalCores640-._._examples_lcs.out-n1048576-r1-c0-s0.000006-m5.out.1668046,1668046,16,640,640,._._examples_lcs.out,1048576,1,0,0.000006,5,5,5,512,5654201479,5.654201479,5463559574,5.463559574,268100837,0.268100837,5387003705,5.387003705,16788111858,16.788111858,11.133910379,11.118664116,5592405,5592405,5592405,55050,239,14701,29434,250643056,218749,179984273,242,300,472,1347,19485,125600940,65696946,58809677,6021,30621474,30444361,0,0,0,0,0,0,0,0,0,0,0,0,0,0,0,0,0,4,0,4,0,4,4,0,0,0,0,4,0,0,"(437,152):down:671;(331,1012):down:864;(337,1009):down:837;(812,552):down:538;(65,1740):down:739"
ok,0,itoyorifutures-numNodes16-numCores640-totalCores640-._._examples_lcs.out-n1048576-r1-c0-s0.000006-m5.out.1668048,1668048,16,640,640,._._examples_lcs.out,1048576,1,0,0.000006,5,5,5,512,5720754906,5.720754906,5536806615,5.536806615,280525553,0.280525553,5431020299,5.431020299,16985962514,16.985962514,11.265207608,11.248352467,5592405,5592405,5592405,58404,253,17405,34247,262599323,223751,179358924,227,248,397,851,18986,125075058,64897570,59096568,5907,30576316,30401317,2187,2187,0,17933400,8200,102640519,3279,0,2187,2187,0,0,0,0,0,0,0,4,0,4,0,4,4,0,0,0,0,4,0,0,"(437,152):down:671;(331,1012):down:864;(337,1009):down:837;(812,552):down:538;(65,1740):down:739"
ok,0,itoyorifutures-numNodes16-numCores640-totalCores640-._._examples_lcs.out-n1048576-r1-c0-s0.000006-m5.out.1668049,1668049,16,640,640,._._examples_lcs.out,1048576,1,0,0.000006,5,5,5,512,5547477458,5.547477458,5334022157,5.334022157,248336106,0.248336106,5171200390,5.17120039,16315295693,16.315295693,10.767818235,10.753558652999999,5592405,5592405,5592405,59255,290,14563,27571,232388328,216874,166891874,173,321,472,965,19684,111058402,58325498,51650967,6256,28294480,28106099,0,0,0,0,0,0,0,0,0,0,0,0,0,0,0,0,0,4,0,4,0,4,4,0,0,0,0,4,0,0,"(437,152):down:671;(331,1012):down:864;(337,1009):down:837;(812,552):down:538;(65,1740):down:739"
ok,0,itoyorifutures-numNodes16-numCores640-totalCores640-._._examples_lcs.out-n1048576-r1-c0-s0.000006-m5.out.1668050,1668050,16,640,640,._._examples_lcs.out,1048576,1,0,0.000006,5,5,5,512,5563225261,5.563225261,5378117450,5.37811745,256488653,0.256488653,5275085444,5.275085444,16488295551,16.488295551,10.92507029,10.909691547000001,5592405,5592405,5592405,60716,227,16933,32065,238917450,221576,157169442,506,254,440,980,18031,118282806,59979137,57258440,6298,32608240,32416238,1,0,1,8200,8200,152628,7,0,1,0,1,0,0,0,0,0,0,4,0,4,0,4,4,0,0,0,0,4,0,0,"(437,152):down:671;(331,1012):down:864;(337,1009):down:837;(812,552):down:538;(65,1740):down:739"
ok,0,itoyorifutures-numNodes16-numCores640-totalCores640-._._examples_lcs.out-n1048576-r1-c0-s0.000006-m6.out.1668106,1668106,16,640,640,._._examples_lcs.out,1048576,1,0,0.000006,6,6,6,512,5719073678,5.719073678,5471878339,5.471878339,265983464,0.265983464,5426899772,5.426899772,16898564819,16.898564819,11.179491141,11.164761575,5592405,5592405,5592405,63310,336,15115,29126,249378687,228958,177194631,228,329,425,921,20302,124284466,64542967,58632772,6480,30974852,30784313,0,0,0,0,0,0,0,0,0,0,0,0,0,0,0,0,0,4,0,4,0,4,4,0,0,0,0,4,0,0,"(437,152):down:671;(331,1012):down:864;(337,1009):down:837;(812,552):down:538;(928,494):right:59;(65,1740):down:739"
ok,0,itoyorifutures-numNodes16-numCores640-totalCores640-._._examples_lcs.out-n1048576-r1-c0-s0.000006-m6.out.1668107,1668107,16,640,640,._._examples_lcs.out,1048576,1,0,0.000006,6,6,6,512,5668189610,5.66818961,5443452951,5.443452951,280578420,0.28057842,5377433501,5.377433501,16785461016,16.785461016,11.117271406,11.101464872000001,5592405,5592405,5592405,55845,274,5089,9406,262781470,163621,183232951,450,277,390,1153,19295,127997728,66387283,60511341,5998,31201939,31022612,1,0,1,8200,8200,146084,7,0,1,0,1,0,0,0,0,0,0,4,0,4,0,4,4,0,0,0,0,4,0,0,"(437,152):down:671;(331,1012):down:864;(337,1009):down:837;(812,552):down:538;(928,494):right:59;(65,1740):down:739"
ok,0,itoyorifutures-numNodes16-numCores640-totalCores640-._._examples_lcs.out-n1048576-r1-c0-s0.000006-m6.out.1668108,1668108,16,640,640,._._examples_lcs.out,1048576,1,0,0.000006,6,6,6,512,5622896697,5.622896697,5417641454,5.417641454,254329563,0.254329563,5274328182,5.274328182,16583506635,16.583506635,10.960609938,10.946299198999998,5592405,5592405,5592405,65214,263,14053,28137,238455584,217274,176416725,233,539,413,880,20165,113453254,59528990,52795914,6128,27268516,27088383,0,0,0,0,0,0,0,0,0,0,0,0,0,0,0,0,0,4,0,4,0,4,4,0,0,0,0,4,0,0,"(437,152):down:671;(331,1012):down:864;(337,1009):down:837;(812,552):down:538;(928,494):right:59;(65,1740):down:739"
ok,0,itoyorifutures-numNodes16-numCores640-totalCores640-._._examples_lcs.out-n1048576-r1-c0-s0.000006-m6.out.1668109,1668109,16,640,640,._._examples_lcs.out,1048576,1,0,0.000006,6,6,6,512,5692522793,5.692522793,5546543620,5.54654362,271519452,0.271519452,5401041125,5.401041125,16929373300,16.9293733,11.236850507000002,11.219104197,5592405,5592405,5592405,56019,275,17449,33716,253761800,243647,180764883,208,256,438,1041,19171,127380436,66136615,60158832,5957,31160107,30985438,0,0,0,0,0,0,0,0,0,0,0,0,0,0,0,0,0,4,0,4,0,4,4,0,0,0,0,4,0,0,"(437,152):down:671;(331,1012):down:864;(337,1009):down:837;(812,552):down:538;(928,494):right:59;(65,1740):down:739"
ok,0,itoyorifutures-numNodes16-numCores640-totalCores640-._._examples_lcs.out-n1048576-r1-c0-s0.000006-m6.out.1668110,1668110,16,640,640,._._examples_lcs.out,1048576,1,0,0.000006,6,6,6,512,5566864392,5.566864392,5377295953,5.377295953,254468762,0.254468762,5280958189,5.280958189,16494940842,16.494940842,10.928076449999999,10.912722903999999,5592405,5592405,5592405,51806,288,15938,31488,237106104,225229,171195477,268,350,607,983,18383,117912424,61462605,55389349,5922,30004106,29807851,0,0,0,0,0,0,0,0,0,0,0,0,0,0,0,0,0,4,0,4,0,4,4,0,0,0,0,4,0,0,"(437,152):down:671;(331,1012):down:864;(337,1009):down:837;(812,552):down:538;(928,494):right:59;(65,1740):down:739"
ok,0,itoyorifutures-numNodes16-numCores640-totalCores640-._._examples_lcs.out-n1048576-r1-c0-s0.000006-m6.out.1668127,1668127,16,640,640,._._examples_lcs.out,1048576,1,0,0.000006,6,6,6,512,5809065570,5.80906557,5645961323,5.645961323,280891260,0.28089126,5543017523,5.543017523,17295895156,17.295895156,11.486829586,11.469870105999998,5592405,5592405,5592405,50555,243,16423,33641,262781841,224452,173189046,218,446,413,971,18063,125871428,64690901,60090529,5805,30604603,30422286,0,0,0,0,0,0,0,0,0,0,0,0,0,0,0,0,0,4,0,4,0,4,4,0,0,0,0,4,0,0,"(437,152):down:671;(331,1012):down:864;(337,1009):down:837;(812,552):down:538;(928,494):right:59;(65,1740):down:739"
ok,0,itoyorifutures-numNodes16-numCores640-totalCores640-._._examples_lcs.out-n1048576-r1-c0-s0.000006-m6.out.1668128,1668128,16,640,640,._._examples_lcs.out,1048576,1,0,0.000006,6,6,6,512,5830872709,5.830872709,5599483936,5.599483936,282310077,0.282310077,5510881639,5.510881639,17240196826,17.240196826,11.409324116999997,11.392675652000001,5592405,5592405,5592405,51635,236,16287,32434,264212998,237884,173393306,531,230,538,1052,18557,124648583,64288062,59285636,5996,30328005,30144307,0,0,0,0,0,0,0,0,0,0,0,0,0,0,0,0,0,4,0,4,0,4,4,0,0,0,0,4,0,0,"(437,152):down:671;(331,1012):down:864;(337,1009):down:837;(812,552):down:538;(928,494):right:59;(65,1740):down:739"
incomplete,0,itoyorifutures-numNodes16-numCores640-totalCores640-._._examples_lcs.out-n1048576-r1-c0-s0.000006-m6.out.1668130,1668130,16,640,640,._._examples_lcs.out,1048576,1,0,0.000006,6,0,,,,,,,,,,,,,,,,,,,,,,,,,,,,,,,,,,,,,,,,,,,,,,,,,,,,,,,,,,,,,,,,,,
